day,resident,title,coins
0,"alder_coldborn_","helping at The Tight Weft",10
0,"alder_hollowfang_","helping at The Stretched Hide",16
0,"ash_","leading the Warden Order",16
0,"ash_duskhide_","helping at The Cold Hammer",8
0,"aster_marshbark_","copying the city rolls",16
0,"aster_slateclaw_","helping at Needle & Nap",16
0,"bramble_","debating in the Grand Hall",16
0,"brand","holding the stair gate",16
0,"briar","training",16
0,"briar_brackenrun_","selling from a plaza stall",16
0,"briar_stormfang_","helping at Pinecut Joinery",16
0,"brisk_","coaching at the archery range",16
0,"brock","on night patrol",16
0,"brock_coldborn_","helping at The Tight Weft",10
0,"clover","training",16
0,"dawn","tending the scroll vaults",16
0,"dawn_greyhide_","helping at The Straight Shaft",8
0,"dray","holding the main gate",16
0,"dray_hollowfang_","helping at The Stretched Hide",16
0,"drift_frostwalker_","helping at Morning Rise Ovens",8
0,"dun_","running sparring bouts",16
0,"dun_pinewell_","copying the city rolls",16
0,"elm_coldborn_","helping at The Tight Weft",10
0,"elm_pinevale_","helping at Ridgeline Maps",16
0,"eskar_","on night patrol",16
0,"fallow","debating in the Grand Hall",16
0,"fell_","drilling trainees on the square",16
0,"fern_","holding the stair gate",16
0,"fern_frostmark_","helping at Cinderpaw Forge",8
0,"fern_greybark_","helping at Clayfoot Wares",16
0,"gorse_","running the obstacle course",16
0,"grist_hollowmere_","helping at Greywall Goods",16
0,"harl_mossmere_","helping at Timberline Carpentry",12
0,"harrow","hearing petitions",16
0,"hazel","advising the leader",8
0,"heath_","training",16
0,"heather","on night watch",16
0,"holly_","on patrol",16
0,"ind_briar_smeltshaft","works at The Cinderbrook Smelter",8
0,"ind_harl_cinderbrook","works at The Cinderbrook Smelter",8
0,"ingram_","training",16
0,"isla","on watch",16
0,"jarl","on watch",16
0,"jessamy","keeping the Annex",16
0,"kell","carrying messages for the Concord",16
0,"kell_ashfall_","hauling crates",16
0,"kestrel_","hearing petitions",16
0,"kindle","training",16
0,"kindle_frostfoot_","selling from a plaza stall",16
0,"kite","shelving in the upper stacks",16
0,"knap_","on watch",16
0,"laurel","drilling in the compound",16
0,"laurel_ashwalker","helping at The Gatehouse Inn",3
0,"lichen","advising the leader",8
0,"loam_","drilling in the compound",16
0,"marl_swiftwater","helping at The Howling Stair",8
0,"marsh","on patrol",16
0,"moor","drilling in the compound",16
0,"moss_","on patrol",16
0,"myrtle","on night watch",16
0,"nell","training",16
0,"nettle_ironbark_","drawing water at the plaza well",16
0,"nightjar_windhollow_","tallying stores",16
0,"nokk_","hearing petitions",14
0,"oak_","on night patrol",16
0,"orrin","carrying messages for the Concord",16
0,"quarry","training",16
0,"ridge","advising the leader",8
0,"ridge_mossborn_","minding the stores",16
0,"rm_ada_brineford","smoking fish",10
0,"rm_aldric_mudhand_","helping at Collar and Trace",8
0,"rm_ansel_brinewick","blowing glass",16
0,"rm_beatha_rainmore_","helping at Greywool",14
0,"rm_beatha_saltley","keeping the chambers",16
0,"rm_berit_plankworth_","holding the south gate",16
0,"rm_bertil_fogwick","stewarding Grayrock Hall",16
0,"rm_bertil_millwick","keeping the chambers",16
0,"rm_bertil_pitchgate","building ships",16
0,"rm_bertil_wetridge_","helping at The Hook and Cleaver",16
0,"rm_bo_gullstack","foreman of the quarry",16
0,"rm_brand_mudstack","at the forge",6
0,"rm_brand_saltgate_","helping at Wickham's Chandlery",9
0,"rm_brand_saltwell_","holding the quay gate",16
0,"rm_bryn_coalwell","working the saws",16
0,"rm_bryn_kelpridge","boiling rags",16
0,"rm_bryn_plankham_","on night patrol",16
0,"rm_caspar_greyley","working the saws",16
0,"rm_clemence_slagcot","keeping order in court",16
0,"rm_corra_wickby_","commanding the Watch",16
0,"rm_corwin_coalley_","on patrol",16
0,"rm_corwin_pitchley_","works at The Rag Mill",16
0,"rm_corwin_ropestack_","helping at Wetink Lane Scriveners",10
0,"rm_corwin_rustham","serving in the hall",16
0,"rm_dagfinn_ashmore","smoking fish",10
0,"rm_dagfinn_tarton_","minding the shop door",6
0,"rm_dirk_brinecot_","works at The Blue Vats",16
0,"rm_dirk_dripford","keeping the gaol",16
0,"rm_disa_gullhand_","works at Old Mother Tannery",12
0,"rm_dunstan_wickworth_","minding the shop door",12
0,"rm_ebba_sootmarsh","at the forge",6
0,"rm_edda_rustmarsh_","helping at The Council Press",4
0,"rm_edric_ashcombe","working the glass himself",16
0,"rm_edric_greywell_","works at The Grayrock Foundry",16
0,"rm_edric_raindale_","works at The Reach Foundry",16
0,"rm_egil_coalmore_","works at The Fell Wagon Yard",13
0,"rm_egil_fogton_","helping at Grist & Crust",8
0,"rm_egil_wickham_","holding the east gate",16
0,"rm_emmerich_foghand","serving in the hall",16
0,"rm_emmerich_wetridge_","minding the shop door",12
0,"rm_erland_sootham_","minding the shop door",1
0,"rm_frida_millby","cooking for the House",8
0,"rm_gerrit_kelpley_","works at The Fell Wagon Yard",13
0,"rm_gorm_kelpcot","tallying the Houses' dues",16
0,"rm_greta_greymore_","works at The Ashcombe Tileworks",9
0,"rm_grete_mudton_","minding the shop door",6
0,"rm_grete_slagton_","works at The Brinewater Sail Loft",8
0,"rm_gudrun_bilgeham","building ships",16
0,"rm_gudrun_dripham","stewarding Ashcombe House",16
0,"rm_gudrun_fell","keeping the Fell accounts",16
0,"rm_gunnar_nailmarsh","twisting rope",11
0,"rm_hakon_pitchstack","keeping the chambers",16
0,"rm_halvard_pitchwell_","minding the shop door",8
0,"rm_hester_coalgate","twisting rope",11
0,"rm_hjalte_rustworth","working the saws",16
0,"rm_hollis_tarwell_","works at The Reach Foundry",16
0,"rm_hollis_wickworth_","helping at Sump Sundries",16
0,"rm_ilse_greyby_","helping at Harbour Provisions",16
0,"rm_ilse_saltworth","at the forge",6
0,"rm_ingrid_grayrock","at her lessons in the Hall",16
0,"rm_ingrid_nailwick","at the forge",6
0,"rm_isolde_greycot_","unloading ships on the quay",16
0,"rm_isolde_tarwick","presiding over the Council",16
0,"rm_ivo_bilgeton_","unloading ships on the quay",16
0,"rm_ivo_dripgate_","works at The Grayrock Arsenal",16
0,"rm_ivo_pitchby_","works at The Grayrock Arsenal",16
0,"rm_ivo_wickridge","smoking fish",11
0,"rm_jarl_coalworth","smoking fish",11
0,"rm_jasper_sootton_","works at The Rag Mill",16
0,"rm_kari_cindermarsh_","on night patrol",16
0,"rm_kari_millham_","minding the shop door",6
0,"rm_kari_wickhand_","unloading ships on the quay",16
0,"rm_kjell_plankstack","copying the rolls",16
0,"rm_kjell_tarton_","helping at The Anchor Forge",11
0,"rm_knut_rainley_","helping at The Pawn and Ledger",14
0,"rm_lars_rainford_","on patrol",16
0,"rm_lars_sootham_","minding the shop door",1
0,"rm_leif_brinewater","walking the ropewalk",11
0,"rm_leif_mudcot_","helping at The Wet Slab",8
0,"rm_lothar_ashdale_","works at The Vesk Salt Pans",8
0,"rm_lothar_brineridge","cooking for the House",8
0,"rm_lotte_brinemarsh","serving in the hall",16
0,"rm_magnus_mudgate","working the saws",16
0,"rm_magnus_sootham_","helping at The Rivet and Rain",4
0,"rm_magnus_vesk","counting the catch",11
0,"rm_magnus_wickmore_","helping at Oilcloth & Wool",14
0,"rm_maren_tarworth","serving in the hall",16
0,"rm_moll_rustby_","on patrol",16
0,"rm_nan_brineworth_","works at The Ashcombe Tileworks",9
0,"rm_nan_rainton","keeping the chambers",16
0,"rm_nessa_brinewater","learning the shipyard",16
0,"rm_nils_ashridge_","helping at Nailers' Forge",3
0,"rm_nils_wickley_","on patrol",16
0,"rm_njal_fogdale","weighing bales",16
0,"rm_oda_greyford_","works at Old Mother Tannery",12
0,"rm_oda_rustwell","taxing the cargoes",16
0,"rm_olaf_pitchcot_","unloading ships on the quay",16
0,"rm_olaf_wetworth","stewarding Brinewater House",16
0,"rm_orm_fogby_","works at The Grayrock Foundry",16
0,"rm_orm_nailley","cooking for the House",16
0,"rm_oskar_muddale","keeping the harbour",16
0,"rm_oskar_rustmore_","picking rags",16
0,"rm_osric_dripcot_","works at The Vesk Salt Pans",8
0,"rm_ottilie_pitchmore","working the saws",16
0,"rm_palle_ropeton","stewarding Fellhall",16
0,"rm_piet_cindermore_","works at The Reach Tannery",13
0,"rm_ragnar_millworth_","minding the shop door",6
0,"rm_ragnar_plankgate","serving in the hall",16
0,"rm_runa_rainwick_","works at The Grayrock Lime Kilns",11
0,"rm_rune_brineton_","minding the shop door",6
0,"rm_signe_cinderham_","picking rags",16
0,"rm_sigrun_bilgeby","building ships",16
0,"rm_sigrun_sootby_","unloading ships on the quay",16
0,"rm_silas_gullham","twisting rope",11
0,"rm_silas_gullley_","works at The Brinewater Sail Loft",8
0,"rm_soren_slagford","keeping the chambers",16
0,"rm_soren_wetcot","stewarding Vesk Manor",16
0,"rm_sten_vesk","running the salt pans",16
0,"rm_tilde_wethand","cooking for the House",16
0,"rm_tobias_grayrock","overseeing the ironworks",16
0,"rm_tove_ropedale","hearing cases",16
0,"rm_ulla_brinedale","cooking for the House",16
0,"rm_vidar_kelpgate","at the forge",6
0,"rm_vidar_ropewick_","works at The Blue Vats",16
0,"rm_vidar_saltford_","unloading ships on the quay",16
0,"rm_vigdis_millwell_","works at The Reach Tannery",13
0,"rm_wynn_cinderton","building ships",16
0,"rm_yrsa_mudmarsh","smoking fish",10
0,"rm_yrsa_plankridge","blowing glass",16
0,"rm_yrsa_wickdale","blowing glass",16
0,"rmx_bo_wickham_","lights the lamps at dusk",10
0,"rmx_egil_plankridge","lights the lamps at dusk",8
0,"rmx_frida_brinewell_","lights the lamps at dusk",10
0,"rmx_magnus_bilgeridge_","carries loads for hire",16
0,"rmx_mathis_ropeton_","washes linen for hire",16
0,"rmx_mogens_greymarsh_","carries loads for hire",16
0,"rmx_nan_bilgedale_","washes linen for hire",16
0,"rmx_njal_wetridge_","carries loads for hire",16
0,"rmx_olaf_cindermarsh_","sweeps and fetches for a shop",13
0,"rmx_osric_rustmore_","washes linen for hire",16
0,"rmx_pim_dripham_","runs messages about the city",16
0,"rmx_ragnar_brineford_","carries loads for hire",16
0,"rmx_ragnar_saltwick","carries loads for hire",16
0,"rmx_rika_nailcot_","washes linen for hire",16
0,"rmx_roald_nailmore_","washes linen for hire",16
0,"rmx_runa_ashton_","runs messages about the city",16
0,"rmx_silas_saltstack_","sweeps and fetches for a shop",3
0,"rmx_thyra_greycot_","runs messages about the city",16
0,"rmx_tilde_bilgeford_","carries loads for hire",16
0,"roan_","on patrol",16
0,"sage_","debating in the Grand Hall",16
0,"scree_","on patrol",16
0,"sella","drilling in the compound",16
0,"sf_achille_rivante","hauling for the warehouses",16
0,"sf_agnese_castellane_","receiving guests",16
0,"sf_alba_beluzzi","washing linen at the river stairs",16
0,"sf_alba_casano","washing linen at the river stairs",16
0,"sf_alba_galieri_","guarding the palace",16
0,"sf_alessio_rosandi","helping at Ottone & Rame",8
0,"sf_allegra_moresi","unloading barges",16
0,"sf_amedeo_maresi","helping at Penna e Sigillo",9
0,"sf_amedeo_orselli","helping at Dispensa del Porto",16
0,"sf_aurelia_belano","unloading barges",16
0,"sf_aurelio_marucci","presiding over the guild",16
0,"sf_bastiano_orsesi_","serving the household",16
0,"sf_beatrice_orselli","minding the shop door",12
0,"sf_carlotta_lanano","helping at Seta Fina",15
0,"sf_cassio_di_castellane","attending the court",16
0,"sf_ciro_aldobrandi_","receiving guests",16
0,"sf_clelia_benano","works at Tintoria Bellandi",8
0,"sf_clelia_coruzzi","helping at La Forgia",8
0,"sf_clelia_orsieri","minding the shop door",10
0,"sf_cosima_ferucci","works at The Royal Arsenal",8
0,"sf_cosima_morucci","holding the east gate",16
0,"sf_cosimo_morone","helping at The Red Door",16
0,"sf_dario_rivuzzi","mending nets on the wharf",16
0,"sf_delia_rosetti","minding the shop door",6
0,"sf_donatella_casari","helping at Marmi Ferrante",8
0,"sf_donatella_rivari","mending nets on the wharf",16
0,"sf_duccio_coretti_","serving the household",16
0,"sf_duccio_valmonte_","receiving guests",16
0,"sf_elena_lanucci","minding the shop door",6
0,"sf_elena_rivetti","works at Fonderia delle Campane",16
0,"sf_eliseo_colesi","works at Cartiera Bianca",8
0,"sf_eliseo_salari","works at Carri Galli",8
0,"sf_emilio_valieri","minding the shop door",12
0,"sf_enzo_lucenti_","receiving guests",16
0,"sf_fabrizio_benandi","grading fleeces",16
0,"sf_fiora_rivano_","serving the household",16
0,"sf_flavia_corano_","works at Tintoria Bellandi",9
0,"sf_flavia_ferotti","works at Carri Galli",8
0,"sf_flavia_galone","minding the shop door",6
0,"sf_gemma_belini_","polishing the throne room",16
0,"sf_gemma_salieri","unloading barges",16
0,"sf_gemma_valieri","helping at Mappe del Fiume",16
0,"sf_gemma_venale","minding the shop door",6
0,"sf_giacomo_ferale_","keeping the royal apartments",16
0,"sf_giacomo_toretti","works at La Concia",12
0,"sf_gino_casandi_","guarding the palace",16
0,"sf_gino_daruzzi","works at La Concia",12
0,"sf_giulia_colari","tallying barges",16
0,"sf_ilaria_palale_","gossiping at court",16
0,"sf_ilario_coluzzi_","attending the Queen",16
0,"sf_ilario_morieri","helping at Erbe di Campo",8
0,"sf_isotta_nerale","on patrol",16
0,"sf_isotta_palucci","helping at Profumi Lucenti",16
0,"sf_isotta_salandi","works at The Royal Arsenal",8
0,"sf_lapo_casuzzi","helping at Botti Ferrante",16
0,"sf_lapo_orsenna_","receiving guests",16
0,"sf_lavinia_belale","works at Fonderia delle Campane",16
0,"sf_lavinia_nerandi","helping at Armeria del Leone",5
0,"sf_leandro_casante","trading at the market",16
0,"sf_leandro_valucci_","serving the household",16
0,"sf_livia_di_castellane","receiving at court",16
0,"sf_livia_galante_","announcing the court",16
0,"sf_livia_lanotti_","guarding the palace",16
0,"sf_livia_venucci","minding the shop door",6
0,"sf_lorenzo_benone","hauling for the warehouses",16
0,"sf_loretta_colotti_","guarding the palace",16
0,"sf_loretta_valesi_","keeping the guild books",16
0,"sf_lucia_colone_","arguing the price of wool",16
0,"sf_lucia_nerucci","on patrol",16
0,"sf_mafalda_lucenti_","receiving guests",16
0,"sf_mafalda_marenzi_","receiving guests",16
0,"sf_mafalda_palari_","serving the household",16
0,"sf_marcello_galuzzi","helping at Il Forno d'Oro",10
0,"sf_marcello_venale","helping at Bottega del Legno",8
0,"sf_marzia_ferini_","serving the royal table",16
0,"sf_marzia_orsenna_","receiving guests",16
0,"sf_matteo_darone","selling flowers on the square",16
0,"sf_mirella_rosotti_","lighting the candles",16
0,"sf_nico_lanini_","serving the household",16
0,"sf_nico_maretti","buying for a palazzo kitchen",16
0,"sf_nico_palandi","works at The Red Tile Works",9
0,"sf_nives_morini_","commanding the palace guard",16
0,"sf_nives_salelli","on night patrol",16
0,"sf_noemi_lanetti_","serving the household",16
0,"sf_noemi_valmonte_","receiving guests",16
0,"sf_orsino_belante","on patrol",16
0,"sf_orsola_marano","on night patrol",16
0,"sf_ottavia_lanza","hearing petitions",16
0,"sf_ottavia_maruzzi","works at Mulino del Borgo",8
0,"sf_ottavia_nerari","on patrol",16
0,"sf_ottavia_salone","trading at the market",16
0,"sf_ottone_marenzi_","receiving guests",16
0,"sf_paola_rosieri","hauling for the warehouses",16
0,"sf_pasquale_torone_","serving the household",16
0,"sf_perla_belucci","on patrol",16
0,"sf_piero_darotti_","guarding the palace",16
0,"sf_piero_morone","minding the shop door",12
0,"sf_renata_galini","works at Cartiera Bianca",8
0,"sf_rocco_orsini","minding the shop door",12
0,"sf_rosalba_belotti_","attending the King",16
0,"sf_salvatore_venante","works at The Red Tile Works",9
0,"sf_serafina_aldobrandi_","receiving guests",16
0,"sf_serafina_di_castellane","at her studies in the palace",16
0,"sf_serafina_ferelli_","running errands for the household",1
0,"sf_serafina_lanone","commanding the city guard",16
0,"sf_serafina_maresi","minding the shop door",5
0,"sf_sveva_galucci","unloading barges",16
0,"sf_taddeo_paluzzi","unloading barges",16
0,"sf_teodora_beletti","unloading barges",16
0,"sf_teodora_benucci","playing the lute on the square",16
0,"sf_teodora_venone_","serving the household",16
0,"sf_teodoro_lanesi","carrying water",16
0,"sf_tommaso_benini_","serving the household",16
0,"sf_tommaso_darandi_","serving the household",16
0,"sf_ugo_casari","minding the shop door",6
0,"sf_umberto_maresi","minding the shop door",5
0,"sf_umberto_marieri","on night patrol",16
0,"sf_valeria_toruzzi_","scrubbing the kitchens",1
0,"sf_vasco_castellane_","receiving guests",16
0,"sf_viola_darieri_","serving the household",16
0,"sf_viola_galano","mending nets on the wharf",16
0,"sf_vittore_nerone","holding the north gate",16
0,"sf_vittoria_torucci_","copying the chapter's books",16
0,"sfx_amedeo_venturi","lights the lamps at dusk",10
0,"sfx_fabrizio_cascotti","lights the lamps at dusk",10
0,"sfx_fausto_orsini","works at The La Riva Water Mill",8
0,"sfx_lapo_donati","runs messages about the city",16
0,"sfx_lapo_testa","washes linen for hire",16
0,"sfx_lorenzo_galsetti","carries loads for hire",16
0,"sfx_lorenzo_nerini","washes linen for hire",16
0,"sfx_manfredi_pallotta","sweeps and fetches for a shop",8
0,"sfx_marcello_bellandi","runs messages about the city",16
0,"sfx_nando_martini","washes linen for hire",16
0,"sfx_perla_toscani","washes linen for hire",16
0,"sfx_primo_esposito","carries loads for hire",16
0,"sfx_raffaele_monrari","runs messages about the city",16
0,"sfx_raffaele_orsesi","runs messages about the city",16
0,"sfx_renzo_darucci","lights the lamps at dusk",10
0,"sfx_sveva_ferrante","runs messages about the city",16
0,"sfx_teodoro_venturi","carries loads for hire",16
0,"sfx_ugo_martini","washes linen for hire",16
0,"sfx_valerio_albani","runs messages about the city",16
0,"sfx_vittoria_vitale","runs messages about the city",16
0,"sfx_zita_testa","carries loads for hire",16
0,"skye_","holding the south gate",16
0,"sloe","presiding over the Concord",16
0,"tansy","keeping the training stores",16
0,"tarn_","holding the south gate",16
0,"thief","working",16
0,"thistle_","on watch",16
0,"thorn_screebark_","mending the old wall",16
0,"tn_ac_bramble_gatewright","stands watch",16
0,"tn_ac_elm_crosswright","minds the shop's door",6
0,"tn_ac_flint_milestone","tends the carters' beasts",16
0,"tn_ac_gale_crossley","works at The Wheelwright's Yard",8
0,"tn_ac_heath_wheelmark","tends the carters' beasts",16
0,"tn_ac_holly_gatepost","loads the caravan wagons",16
0,"tn_ac_mara_dustcote","helps at Waystation Stores",10
0,"tn_ac_quarry_gatepost","loads the caravan wagons",16
0,"tn_ac_quill_tollwell","helps at The Gate Forge",8
0,"tn_ac_ridge_mileward","keeps The Caravan Shed",16
0,"tn_ac_ridge_waymark","helps at The Trace and Collar",8
0,"tn_ac_rowan_cartpost","stands watch",16
0,"tn_ac_stone_wayrun","works at The Wheelwright's Yard",8
0,"tn_ac_varg_mileward","loads the caravan wagons",16
0,"tn_ac_wald_tollwell","minds the shop's door",6
0,"tn_af_brand_strawacre","keeps the ford toll",16
0,"tn_af_edric_sheaffield_","helps at Amberford Goods",16
0,"tn_af_fallow_grainford_","minds the shop's door",12
0,"tn_af_frey_wheatmow_","stands watch",16
0,"tn_af_ivy_furrowstook_","keeps The Grain Barn",16
0,"tn_af_ivy_strawacre_","grinds at the ford mill",16
0,"tn_af_nell_furrowmow_","helps at The Amber Loaf",8
0,"tn_af_tor_goldstead_","stands watch",16
0,"tn_af_tor_grainfield_","helps at Ford Brewhouse",8
0,"tn_af_umber_wheatley_","helps at Amberford Cooperage",16
0,"tn_af_varg_harrowford","works at The Ford Mill",16
0,"tn_cb_cairn_smeltshaft","works at The Cinderbrook Bloomery",16
0,"tn_cb_fern_slaghollow_","helps at Cinderbrook Forge",2
0,"tn_cb_hob_ashshaft_","stands watch",16
0,"tn_cb_holly_smelthollow","works at The Cinderbrook Bloomery",16
0,"tn_cb_nettle_rusthollow_","helps at The Lamp and Wick",6
0,"tn_cb_opal_ironvein_","stands watch",16
0,"tn_cb_pell_emberpit_","helps at The Red Door Store",16
0,"tn_df_edric_darkguard_","stands watch",16
0,"tn_df_garth_blackwatch_","stands watch",16
0,"tn_df_heath_nightward_","garrison cook",16
0,"tn_df_holt_blackward_","stands watch",16
0,"tn_df_holt_deepward_","minds the shop's door",12
0,"tn_df_iris_grimhold_","stands watch",16
0,"tn_df_rusk_nightguard_","commands the garrison",16
0,"tn_df_thistle_deepward_","helps at The Silent Forge",16
0,"tn_fh_dray_bogmoor_","stands watch",16
0,"tn_fh_dun_peatlode_","helps at Bogmyrtle's",8
0,"tn_fh_fern_damplode_","helps at The Marsh Apothecary",8
0,"tn_fh_flint_reedmere_","serves at The Peat Fire",8
0,"tn_fh_harrow_peathollow_","helps at Fenhollow Store",16
0,"tn_fh_isla_mudlode_","works at The Bog Brewery",8
0,"tn_fh_ivy_dampditch_","stands watch",16
0,"tn_fh_juniper_reedcarr_","helps at The Bog Iron Forge",9
0,"tn_fh_lorn_rushditch_","helps at Rushlight Chandler",11
0,"tn_fh_marl_damplode_","minds the shop's door",6
0,"tn_fh_pike_boghollow_","works at The Bog Brewery",8
0,"tn_fh_rusk_reedcarr_","minds the shop's door",6
0,"tn_fh_thorn_peatcarr_","helps at The Mossloaf Bakery",8
0,"tn_fh_wren_rushditch_","minds the shop's door",6
0,"tn_hm_ash_hedgemere","helps at The Valley Oven",16
0,"tn_hm_drift_hollowside","helps at Valley Remedies",8
0,"tn_hm_reed_valemere","helps at The Hollowmere Shop",16
0,"tn_if_alder_greywall_","helps at The Isle Forge",13
0,"tn_if_bramble_greykeep_","garrison cook",16
0,"tn_if_eskar_islewall_","stands watch",16
0,"tn_if_harrow_towerguard_","stands watch",16
0,"tn_if_holt_merewatch_","minds the shop's door",10
0,"tn_if_iris_moatward_","stands watch",16
0,"tn_if_isla_moatwall_","stands watch",16
0,"tn_if_nettle_mereguard_","commands the garrison",16
0,"tn_if_thistle_greywall_","minds the shop's door",9
0,"tn_if_wolde_merewatch_","helps at The Armoury",15
0,"tn_ls_aster_merereach_","stands watch",16
0,"tn_ls_briar_stillside_","helps at Lakeside Goods",16
0,"tn_ls_brisk_poolhythe","works at The Mirrormere Smokehouse",8
0,"tn_ls_frey_stillside_","minds the shop's door",12
0,"tn_ls_heath_oarwade_","stands watch",16
0,"tn_ls_hob_oarmere","works at The Mirrormere Smokehouse",8
0,"tn_ls_ingram_pikemere_","helps at Netmaker's Loft",16
0,"tn_ls_kindle_mistwade_","serves at The Still Water",1
0,"tn_ls_opal_mistmere_","helps at The Boatwright's",16
0,"tn_ls_varg_willowhythe_","minds the shop's door",12
0,"tn_ls_yarrow_stillford","serves at The Drowned Oar",16
0,"tn_nf_corrie_rimeward","stands watch",16
0,"tn_nf_dun_frostward","stands watch",16
0,"tn_nf_eskar_frosthold","works at The North Arsenal",16
0,"tn_nf_holly_bleakguard","works at The North Arsenal",16
0,"tn_nf_holly_rimeguard","minds the shop's door",10
0,"tn_nf_odo_rimehelm","commands the garrison",16
0,"tn_nf_yarrow_craghold","garrison cook",16
0,"tn_sr_bram_greycove","helps at Gullwharf Fish",8
0,"tn_sr_brand_shinglewater","stands watch",16
0,"tn_sr_dray_tidemouth","minds the shop's door",6
0,"tn_sr_gale_gullwick","serves at The Brine and Barrel",8
0,"tn_sr_jory_tidemouth","helps at The Barrel Yard",8
0,"tn_sr_kestrel_soundwater","works at The Saltreach Pans",8
0,"tn_sr_kindle_kelpline","works at The Gullwharf Smokehouse",12
0,"tn_sr_lark_shingleshore","works at The Saltreach Pans",8
0,"tn_sr_marl_kelpcove","stands watch",16
0,"tn_sr_nab_wrackshore","helps at The Anchor Smithy",8
0,"tn_sr_orrin_greymouth","works at The Gullwharf Smokehouse",12
0,"tn_sr_tor_tideline","keeps The Salt House",16
0,"tn_wm_ash_thornwell","keeps The Granary",16
0,"tn_wm_bramble_westfold","stands watch",16
0,"tn_wm_frey_larkacre","helps at The Hide Yard",8
0,"tn_wm_hob_thornlea","stands watch",16
0,"tn_wm_holly_sheepridge","helps at Drover's Block",16
0,"tn_wm_holt_barrowmarch","helps at Downland Wool",8
0,"tn_wm_isla_westridge","drives cattle to market",16
0,"tn_wm_knap_barrowacre","drives cattle to market",16
0,"tn_wm_linden_woldfold","helps at Westmarch Mercantile",12
0,"tn_wm_orrin_haybarrow","minds the shop's door",8
0,"tn_wm_quill_haybarrow","minds the shop's door",8
0,"uax_ash_cragfoot_","carries loads for hire",16
0,"uax_birch_frostwell_","sweeps and fetches for a shop",16
0,"uax_brock_ashsong_","washes linen for hire",16
0,"uax_brock_bramblefoot_","lights the lamps at dusk",10
0,"uax_drift_birchhowl_","washes linen for hire",16
0,"uax_elm_stormcoat_","carries loads for hire",16
0,"uax_gorse_mosscoat_","runs messages about the city",16
0,"uax_heath_mossborn_","washes linen for hire",16
0,"uax_heather_birchhowl_","carries loads for hire",16
0,"uax_heather_snowfoot_","washes linen for hire",16
0,"uax_hob_brackenrun_","lights the lamps at dusk",10
0,"uax_ingram_greymantle_","carries loads for hire",16
0,"uax_ivy_stonecoat_","washes linen for hire",16
0,"uax_juniper_heathheart_","runs messages about the city",16
0,"uax_juniper_tarnmoor_","runs messages about the city",16
0,"uax_kestrel_windmere_","washes linen for hire",16
0,"uax_kindle_ashwalker_","washes linen for hire",16
0,"uax_ludo_dusksong_","washes linen for hire",16
0,"uax_mara_oakridge_","washes linen for hire",16
0,"uax_nokk_ironbark_","lights the lamps at dusk",10
0,"uax_pell_frostback_","carries loads for hire",16
0,"uax_sella_heathrow_","runs messages about the city",16
0,"uax_sella_mistvale_","washes linen for hire",16
0,"uax_vale_pinecrest_","carries loads for hire",16
0,"uax_vesper_frostborn_","lights the lamps at dusk",10
0,"uax_wisp_duskfell_","sweeps and fetches for a shop",16
0,"uax_yarrow_mossborn_","washes linen for hire",16
0,"umber_ashsong_","hauling crates",16
0,"willa","advising the leader",8
0,"wisp_","reading in the deep archive",16
0,"wolde","training",16
0,"wren_","holding the main gate",16
1,"alder_hollowfang_","helping at The Stretched Hide",16
1,"ash_","leading the Warden Order",16
1,"ash_duskhide_","helping at The Cold Hammer",14
1,"aster_marshbark_","copying the city rolls",16
1,"aster_slateclaw_","helping at Needle & Nap",16
1,"bramble_","debating in the Grand Hall",16
1,"brand","holding the stair gate",16
1,"briar","training",14
1,"briar_stormfang_","helping at Pinecut Joinery",15
1,"brisk_","coaching at the archery range",14
1,"brock","on night patrol",16
1,"clover","training",14
1,"dawn","tending the scroll vaults",16
1,"dawn_greyhide_","helping at The Straight Shaft",8
1,"dray","holding the main gate",16
1,"dray_hollowfang_","helping at The Stretched Hide",16
1,"drift_frostwalker_","helping at Morning Rise Ovens",8
1,"dun_","running sparring bouts",12
1,"dun_pinewell_","copying the city rolls",16
1,"elm_pinevale_","helping at Ridgeline Maps",16
1,"eskar_","on night patrol",16
1,"fallow","debating in the Grand Hall",16
1,"fell_","drilling trainees on the square",12
1,"fern_","holding the stair gate",16
1,"fern_frostmark_","helping at Cinderpaw Forge",16
1,"fern_greybark_","helping at Clayfoot Wares",16
1,"gorse_","running the obstacle course",12
1,"grist_hollowmere_","helping at Greywall Goods",16
1,"harl_mossmere_","helping at Timberline Carpentry",14
1,"harrow","hearing petitions",16
1,"hazel","advising the leader",8
1,"heath_","training",14
1,"heather","on night watch",16
1,"holly_","on patrol",16
1,"ind_briar_smeltshaft","works at The Cinderbrook Smelter",11
1,"ind_harl_cinderbrook","works at The Cinderbrook Smelter",11
1,"ingram_","training",14
1,"ingram_harrowgate_","tending the sick",16
1,"isla","on watch",16
1,"ivy_pinewalker_","tending the sick",16
1,"jarl","on watch",16
1,"jessamy","keeping the Annex",16
1,"kell","carrying messages for the Concord",16
1,"kell_ashfall_","hauling crates",16
1,"kestrel_","hearing petitions",16
1,"kindle","training",14
1,"kite","shelving in the upper stacks",16
1,"knap_","on watch",16
1,"lark_","keeping the chapel",16
1,"laurel","drilling in the compound",16
1,"lichen","advising the leader",7
1,"loam_","drilling in the compound",16
1,"marl_swiftwater","helping at The Howling Stair",8
1,"marsh","on patrol",16
1,"moor","drilling in the compound",16
1,"moss_","on patrol",16
1,"myrtle","on night watch",16
1,"nell","training",14
1,"nightjar_","keeping the crypt library",16
1,"nightjar_windhollow_","tallying stores",16
1,"nokk_","hearing petitions",14
1,"oak_","on night patrol",16
1,"orrin","carrying messages for the Concord",16
1,"quarry","training",14
1,"ridge","advising the leader",7
1,"ridge_mossborn_","minding the stores",16
1,"rm_ada_brineford","smoking fish",9
1,"rm_aldric_mudhand_","helping at Collar and Trace",8
1,"rm_ansel_brinewick","blowing glass",16
1,"rm_arne_brinewell_","running The Fell Wagon Yard",8
1,"rm_aud_rustford_","running The Vesk Salt Pans",8
1,"rm_beatha_rainmore_","helping at Greywool",8
1,"rm_beatha_saltley","keeping the chambers",16
1,"rm_berit_plankworth_","holding the south gate",16
1,"rm_bertil_fogwick","stewarding Grayrock Hall",16
1,"rm_bertil_millwick","keeping the chambers",16
1,"rm_bertil_pitchgate","building ships",16
1,"rm_bertil_wetridge_","helping at The Hook and Cleaver",16
1,"rm_bo_gullstack","foreman of the quarry",16
1,"rm_brand_mudstack","at the forge",2
1,"rm_brand_saltgate_","helping at Wickham's Chandlery",1
1,"rm_brand_saltwell_","holding the quay gate",16
1,"rm_bryn_coalwell","working the saws",16
1,"rm_bryn_kelpridge","boiling rags",16
1,"rm_bryn_plankham_","on night patrol",16
1,"rm_caspar_greyley","working the saws",16
1,"rm_clemence_slagcot","keeping order in court",16
1,"rm_corra_wickby_","commanding the Watch",16
1,"rm_corwin_coalley_","on patrol",16
1,"rm_corwin_pitchley_","works at The Rag Mill",8
1,"rm_corwin_ropestack_","helping at Wetink Lane Scriveners",8
1,"rm_corwin_rustham","serving in the hall",16
1,"rm_dagfinn_ashmore","smoking fish",9
1,"rm_dagfinn_tarton_","minding the shop door",5
1,"rm_dagny_kelpmore_","running The Reach Tannery",8
1,"rm_dirk_brinecot_","works at The Blue Vats",6
1,"rm_dirk_dripford","keeping the gaol",16
1,"rm_dirk_sootham_","armourer at The Rivet and Rain",8
1,"rm_disa_gullhand_","works at Old Mother Tannery",6
1,"rm_dunstan_wickworth_","minding the shop door",12
1,"rm_ebba_bilgeworth_","running The Blue Vats",8
1,"rm_ebba_sootmarsh","at the forge",2
1,"rm_edda_rainby_","running The Rag Mill",8
1,"rm_edric_ashcombe","working the glass himself",16
1,"rm_edric_greywell_","works at The Grayrock Foundry",6
1,"rm_edric_pitchton_","running The Ashcombe Tileworks",8
1,"rm_egil_coalmore_","works at The Fell Wagon Yard",8
1,"rm_egil_fogton_","helping at Grist & Crust",8
1,"rm_egil_wickham_","holding the east gate",16
1,"rm_emmerich_foghand","serving in the hall",16
1,"rm_emmerich_wetridge_","minding the shop door",12
1,"rm_erland_sootham_","minding the shop door",3
1,"rm_finn_ashridge_","smith at Nailers' Forge",8
1,"rm_frida_millby","cooking for the House",8
1,"rm_gerrit_kelpley_","works at The Fell Wagon Yard",8
1,"rm_gorm_coalstack_","running The Reach Foundry",8
1,"rm_gorm_kelpcot","tallying the Houses' dues",16
1,"rm_greta_greymore_","works at The Ashcombe Tileworks",6
1,"rm_grete_mudton_","minding the shop door",6
1,"rm_grete_slagton_","works at The Brinewater Sail Loft",6
1,"rm_gudrun_bilgeham","building ships",16
1,"rm_gudrun_dripham","stewarding Ashcombe House",16
1,"rm_gudrun_fell","keeping the Fell accounts",16
1,"rm_gunnar_nailmarsh","twisting rope",4
1,"rm_hakon_mudton_","brewer at The Black Tun",8
1,"rm_hakon_pitchstack","keeping the chambers",16
1,"rm_halvard_pitchwell_","minding the shop door",8
1,"rm_hester_coalgate","twisting rope",3
1,"rm_hilde_kelpworth_","running The Brinewater Sail Loft",8
1,"rm_hjalte_rustworth","working the saws",16
1,"rm_hjalte_saltgate_","chandler at Wickham's Chandlery",8
1,"rm_hollis_bilgewick","tending the sick",16
1,"rm_hollis_wickworth_","helping at Sump Sundries",16
1,"rm_ilse_greyby_","helping at Harbour Provisions",16
1,"rm_ilse_saltworth","at the forge",1
1,"rm_ingrid_grayrock","at her lessons in the Hall",16
1,"rm_ingrid_nailwick","at the forge",1
1,"rm_ingrid_tarcot_","running Old Mother Tannery",8
1,"rm_isolde_tarwick","presiding over the Council",16
1,"rm_ivo_dripgate_","works at The Grayrock Arsenal",6
1,"rm_ivo_pitchby_","works at The Grayrock Arsenal",6
1,"rm_ivo_wickridge","smoking fish",9
1,"rm_jarl_coalworth","smoking fish",9
1,"rm_jarl_gullmarsh_","pickle stall on the Market Square",8
1,"rm_jasper_sootton_","works at The Rag Mill",8
1,"rm_kari_cindermarsh_","on night patrol",16
1,"rm_kari_millham_","minding the shop door",6
1,"rm_karin_mudham_","fish stall on the Market Square",8
1,"rm_kjell_plankstack","copying the rolls",16
1,"rm_kjell_tarton_","helping at The Anchor Forge",8
1,"rm_knut_gulldale_","running The Grayrock Foundry",8
1,"rm_knut_rainley_","helping at The Pawn and Ledger",8
1,"rm_lars_rainford_","on patrol",16
1,"rm_lars_sootham_","minding the shop door",3
1,"rm_leif_brinewater","walking the ropewalk",4
1,"rm_leif_mudcot_","helping at The Wet Slab",8
1,"rm_lothar_ashdale_","works at The Vesk Salt Pans",8
1,"rm_lothar_brineridge","cooking for the House",8
1,"rm_lotte_brinemarsh","serving in the hall",16
1,"rm_lotte_gullcot_","nut stall on the Market Square",8
1,"rm_magnus_mudgate","working the saws",16
1,"rm_magnus_sootham_","helping at The Rivet and Rain",6
1,"rm_magnus_vesk","counting the catch",9
1,"rm_magnus_wickmore_","helping at Oilcloth & Wool",8
1,"rm_maren_fogton_","baker at Grist & Crust",8
1,"rm_maren_ropewell","keeping the chapel",16
1,"rm_maren_tarworth","serving in the hall",16
1,"rm_moll_rustby_","on patrol",16
1,"rm_nan_brineworth_","works at The Ashcombe Tileworks",6
1,"rm_nan_rainton","keeping the chambers",16
1,"rm_nessa_brinewater","learning the shipyard",16
1,"rm_nils_wickley_","on patrol",16
1,"rm_njal_fogdale","weighing bales",16
1,"rm_oda_greyford_","works at Old Mother Tannery",6
1,"rm_oda_rustwell","taxing the cargoes",16
1,"rm_olaf_wetworth","stewarding Brinewater House",16
1,"rm_orm_fogby_","works at The Grayrock Foundry",6
1,"rm_orm_nailley","cooking for the House",16
1,"rm_oskar_muddale","keeping the harbour",16
1,"rm_osric_dripcot_","works at The Vesk Salt Pans",8
1,"rm_ottilie_pitchmore","working the saws",16
1,"rm_ottilie_wetmarsh_","honey stall on the Market Square",8
1,"rm_ottilie_wickmore_","tailor at Oilcloth & Wool",8
1,"rm_palle_cinderhand_","running The Grayrock Lime Kilns",8
1,"rm_palle_ropeton","stewarding Fellhall",16
1,"rm_piet_cindermore_","works at The Reach Tannery",8
1,"rm_ragnar_millworth_","minding the shop door",6
1,"rm_ragnar_plankgate","serving in the hall",16
1,"rm_runa_gullton_","egg stall on the Market Square",8
1,"rm_runa_rainwick_","works at The Grayrock Lime Kilns",8
1,"rm_rune_brineton_","minding the shop door",12
1,"rm_rune_millworth","runs The Rainwash Smokehouse",8
1,"rm_sigrun_bilgeby","building ships",16
1,"rm_silas_gullham","twisting rope",4
1,"rm_silas_gullley_","works at The Brinewater Sail Loft",6
1,"rm_soren_slagford","keeping the chambers",16
1,"rm_soren_wetcot","stewarding Vesk Manor",16
1,"rm_sten_vesk","running the salt pans",16
1,"rm_tilde_brinestack_","running The Grayrock Arsenal",8
1,"rm_tilde_ropestack_","scribe at Wetink Lane Scriveners",8
1,"rm_tilde_wethand","cooking for the House",16
1,"rm_tobias_grayrock","overseeing the ironworks",16
1,"rm_tove_pitchworth","keeping the inn",8
1,"rm_tove_ropedale","hearing cases",16
1,"rm_ulla_brinedale","cooking for the House",16
1,"rm_una_pitchwell_","runs Greywater Dairy",8
1,"rm_vidar_kelpgate","at the forge",2
1,"rm_vidar_ropewick_","works at The Blue Vats",6
1,"rm_vigdis_millwell_","works at The Reach Tannery",8
1,"rm_wenna_coalwick_","running The South Gate Stables",8
1,"rm_wenna_mudhand_","saddler at Collar and Trace",8
1,"rm_wynn_cinderton","building ships",16
1,"rm_yrsa_mudmarsh","smoking fish",9
1,"rm_yrsa_plankridge","blowing glass",16
1,"rm_yrsa_wickdale","blowing glass",16
1,"rmx_egil_plankridge","lights the lamps at dusk",6
1,"rmx_olaf_cindermarsh_","sweeps and fetches for a shop",12
1,"rmx_pim_dripham_","runs messages about the city",16
1,"rmx_rika_nailcot_","washes linen for hire",16
1,"rmx_runa_ashton_","runs messages about the city",16
1,"rmx_silas_saltstack_","sweeps and fetches for a shop",3
1,"rmx_thyra_greycot_","runs messages about the city",16
1,"roan_","on patrol",16
1,"sage_","debating in the Grand Hall",16
1,"scree_","on patrol",16
1,"sella","drilling in the compound",16
1,"sf_achille_rivante","hauling for the warehouses",1
1,"sf_agnese_castellane_","receiving guests",16
1,"sf_agnese_orsotti","saddler at Cuoio Fino",8
1,"sf_agnese_rivale","apothecary at Farmacia della Santa",8
1,"sf_alba_galieri_","guarding the palace",16
1,"sf_alessio_rosandi","helping at Ottone & Rame",16
1,"sf_allegra_moresi","unloading barges",1
1,"sf_amedeo_maresi","helping at Penna e Sigillo",8
1,"sf_amedeo_orselli","helping at Dispensa del Porto",7
1,"sf_aurelia_belano","unloading barges",1
1,"sf_aurelio_marucci","presiding over the guild",16
1,"sf_bastiano_orsesi_","serving the household",16
1,"sf_beatrice_orselli","minding the shop door",5
1,"sf_benedetto_albani","celebrating the Mass",16
1,"sf_bruno_lanale","soup stall on the Mercato",8
1,"sf_carlotta_lanano","helping at Seta Fina",16
1,"sf_cassio_di_castellane","attending the court",16
1,"sf_ciro_aldobrandi_","receiving guests",16
1,"sf_ciro_marandi_","keeping the crypt",16
1,"sf_clelia_benano","works at Tintoria Bellandi",6
1,"sf_clelia_coruzzi","helping at La Forgia",16
1,"sf_clelia_orsieri","minding the shop door",6
1,"sf_corrado_marotti_","leading the choir",16
1,"sf_corrado_morone","shopkeeper at The Red Door",8
1,"sf_cosima_ferucci","works at The Royal Arsenal",6
1,"sf_cosima_morucci","holding the east gate",16
1,"sf_cosima_rivelli","running Mulino del Borgo",8
1,"sf_cosimo_casari","mason at Marmi Ferrante",8
1,"sf_cosimo_morone","helping at The Red Door",7
1,"sf_cosimo_orsini","glassblower at Vetro Chiaro",8
1,"sf_dario_rivuzzi","mending nets on the wharf",1
1,"sf_delia_rosetti","minding the shop door",6
1,"sf_donatella_casari","helping at Marmi Ferrante",7
1,"sf_donatella_rivari","mending nets on the wharf",1
1,"sf_duccio_coretti_","serving the household",16
1,"sf_duccio_orselli","provisioner at Dispensa del Porto",8
1,"sf_duccio_valmonte_","receiving guests",16
1,"sf_elena_lanucci","minding the shop door",6
1,"sf_elena_rivetti","works at Fonderia delle Campane",6
1,"sf_eliseo_colesi","works at Cartiera Bianca",6
1,"sf_eliseo_salari","works at Carri Galli",6
1,"sf_eliseo_valuzzi","fishmonger at Pesce del Fiume",8
1,"sf_emilia_ferante_","keeping the Chapel Royal",16
1,"sf_emilio_valieri","minding the shop door",12
1,"sf_enzo_casuzzi","cooper at Botti Ferrante",8
1,"sf_enzo_lucenti_","receiving guests",16
1,"sf_fabrizio_benandi","grading fleeces",16
1,"sf_fiora_belieri_","hearing confessions",16
1,"sf_fiora_rivano_","serving the household",16
1,"sf_flavia_corano_","works at Tintoria Bellandi",6
1,"sf_flavia_ferotti","works at Carri Galli",6
1,"sf_flavia_galone","minding the shop door",6
1,"sf_gemma_belini_","polishing the throne room",16
1,"sf_gemma_corieri","running Carri Galli",8
1,"sf_gemma_salieri","unloading barges",1
1,"sf_gemma_valieri","helping at Mappe del Fiume",16
1,"sf_gemma_venale","minding the shop door",6
1,"sf_giacomo_ferale_","keeping the royal apartments",16
1,"sf_giacomo_toretti","works at La Concia",6
1,"sf_gino_casandi_","guarding the palace",16
1,"sf_gino_daruzzi","works at La Concia",6
1,"sf_giulia_colari","tallying barges",16
1,"sf_gualtiero_colini","running Fonderia delle Campane",8
1,"sf_gualtiero_rosetti","moneychanger at The Bank of the Red Roof",8
1,"sf_ilaria_palale_","gossiping at court",16
1,"sf_ilario_coluzzi_","attending the Queen",16
1,"sf_ilario_morieri","helping at Erbe di Campo",8
1,"sf_isotta_nerale","on patrol",16
1,"sf_isotta_palucci","helping at Profumi Lucenti",8
1,"sf_isotta_salandi","works at The Royal Arsenal",6
1,"sf_lapo_casuzzi","helping at Botti Ferrante",8
1,"sf_lapo_orsenna_","receiving guests",16
1,"sf_lapo_salesi","painting on the cathedral square",16
1,"sf_lavinia_belale","works at Fonderia delle Campane",6
1,"sf_lavinia_nerandi","helping at Armeria del Leone",8
1,"sf_leandro_valucci_","serving the household",16
1,"sf_livia_di_castellane","receiving at court",16
1,"sf_livia_galante_","announcing the court",16
1,"sf_livia_lanotti_","guarding the palace",16
1,"sf_livia_torandi","porridge stall on the Mercato",8
1,"sf_livia_venucci","minding the shop door",1
1,"sf_lorenzo_benone","hauling for the warehouses",1
1,"sf_loretta_colotti_","guarding the palace",16
1,"sf_loretta_valesi_","keeping the guild books",16
1,"sf_lucia_colone_","arguing the price of wool",16
1,"sf_lucia_nerucci","on patrol",16
1,"sf_mafalda_lucenti_","receiving guests",16
1,"sf_mafalda_marenzi_","receiving guests",16
1,"sf_mafalda_morotti","running Tintoria Bellandi",8
1,"sf_mafalda_palari_","serving the household",16
1,"sf_marcello_galuzzi","helping at Il Forno d'Oro",9
1,"sf_marcello_morandi","running The Royal Arsenal",8
1,"sf_marcello_palucci","perfumer at Profumi Lucenti",8
1,"sf_marcello_venale","helping at Bottega del Legno",10
1,"sf_marzia_ferini_","serving the royal table",16
1,"sf_marzia_orsenna_","receiving guests",16
1,"sf_marzia_rivucci_","nursing the sick",16
1,"sf_matteo_lanante","runs Il Mulino Dairy",8
1,"sf_matteo_orsieri","butcher at Macelleria Rossi",8
1,"sf_matteo_salini","keeps the water mill at La Riva",8
1,"sf_matteo_valari","brewer at The Poggio Chiaro Press",8
1,"sf_mauro_orsotti","runs The Le Api Brickworks",8
1,"sf_mirella_rosotti_","lighting the candles",16
1,"sf_nico_lanini_","serving the household",16
1,"sf_nico_palandi","works at The Red Tile Works",6
1,"sf_nives_morini_","commanding the palace guard",16
1,"sf_nives_salelli","on night patrol",16
1,"sf_noemi_lanetti_","serving the household",16
1,"sf_noemi_valmonte_","receiving guests",16
1,"sf_orsino_belante","on patrol",16
1,"sf_orsola_marano","on night patrol",16
1,"sf_ottavia_lanza","hearing petitions",16
1,"sf_ottavia_maruzzi","works at Mulino del Borgo",8
1,"sf_ottavia_nerari","on patrol",16
1,"sf_ottone_marenzi_","receiving guests",16
1,"sf_paola_rosieri","hauling for the warehouses",1
1,"sf_pasquale_torone_","serving the household",16
1,"sf_perla_belucci","on patrol",16
1,"sf_piero_darotti_","guarding the palace",16
1,"sf_piero_morone","minding the shop door",5
1,"sf_primo_benale_","cooking for the palace",8
1,"sf_raffaele_rosetti","runs The Prato Verde Smokehouse",8
1,"sf_renata_galini","works at Cartiera Bianca",6
1,"sf_renata_salini","weaver at Tessitura Bellandi",8
1,"sf_renzo_corucci","running La Concia",8
1,"sf_rocco_morano","keeping the inn",8
1,"sf_rocco_orsini","minding the shop door",6
1,"sf_rosalba_belotti_","attending the King",16
1,"sf_salvatore_orsone","running Cartiera Bianca",8
1,"sf_salvatore_venante","works at The Red Tile Works",6
1,"sf_serafina_aldobrandi_","receiving guests",16
1,"sf_serafina_ferelli_","running errands for the household",4
1,"sf_serafina_lanone","commanding the city guard",16
1,"sf_serafina_maresi","minding the shop door",6
1,"sf_sveva_galucci","unloading barges",1
1,"sf_taddeo_paluzzi","unloading barges",1
1,"sf_teodora_beletti","unloading barges",1
1,"sf_teodora_venone_","serving the household",16
1,"sf_teodoro_palone","running The East Gate Stables",8
1,"sf_tommaso_benini_","serving the household",16
1,"sf_tommaso_darandi_","serving the household",16
1,"sf_tullia_darari_","nursing the sick",16
1,"sf_ugo_casari","minding the shop door",5
1,"sf_umberto_maresi","minding the shop door",6
1,"sf_umberto_marieri","on night patrol",16
1,"sf_valeria_toruzzi_","scrubbing the kitchens",4
1,"sf_valerio_casieri","running The Red Tile Works",8
1,"sf_valerio_nerandi","armourer at Armeria del Leone",8
1,"sf_vasco_casotti_","runs Santa Lucia Dairy",8
1,"sf_vasco_castellane_","receiving guests",16
1,"sf_viola_darieri_","serving the household",16
1,"sf_viola_galano","mending nets on the wharf",1
1,"sf_vittore_nerone","holding the north gate",16
1,"sf_vittoria_torucci_","copying the chapter's books",16
1,"sfx_fausto_orsini","works at The La Riva Water Mill",8
1,"sfx_manfredi_pallotta","sweeps and fetches for a shop",11
1,"skye_","holding the south gate",16
1,"sloe","presiding over the Concord",16
1,"tansy","keeping the training stores",16
1,"tarn_","holding the south gate",16
1,"thief","working",14
1,"thistle_","on watch",16
1,"tn_ac_bramble_gatewright","stands watch",16
1,"tn_ac_elm_crosswright","minds the shop's door",6
1,"tn_ac_flint_milestone","tends the carters' beasts",16
1,"tn_ac_gale_crossley","works at The Wheelwright's Yard",8
1,"tn_ac_heath_wheelmark","tends the carters' beasts",16
1,"tn_ac_holly_gatepost","loads the caravan wagons",16
1,"tn_ac_mara_dustcote","helps at Waystation Stores",16
1,"tn_ac_quarry_gatepost","loads the caravan wagons",16
1,"tn_ac_quill_tollwell","helps at The Gate Forge",12
1,"tn_ac_ridge_mileward","keeps The Caravan Shed",16
1,"tn_ac_ridge_waymark","helps at The Trace and Collar",8
1,"tn_ac_rowan_cartpost","stands watch",16
1,"tn_ac_stone_wayrun","works at The Wheelwright's Yard",8
1,"tn_ac_varg_mileward","loads the caravan wagons",16
1,"tn_ac_wald_tollwell","minds the shop's door",8
1,"tn_af_brand_strawacre","keeps the ford toll",16
1,"tn_af_edric_sheaffield_","helps at Amberford Goods",16
1,"tn_af_fallow_grainford_","minds the shop's door",12
1,"tn_af_frey_wheatmow_","stands watch",16
1,"tn_af_ivy_furrowstook_","keeps The Grain Barn",16
1,"tn_af_ivy_strawacre_","grinds at the ford mill",16
1,"tn_af_nell_furrowmow_","helps at The Amber Loaf",8
1,"tn_af_tor_goldstead_","stands watch",16
1,"tn_af_tor_grainfield_","helps at Ford Brewhouse",8
1,"tn_af_umber_wheatley_","helps at Amberford Cooperage",16
1,"tn_af_varg_harrowford","works at The Ford Mill",16
1,"tn_af_yarrow_furrowstook_","keeps The Harvest Chapel",16
1,"tn_cb_brock_rustvein_","keeps The Shrine of the Iron Saint",16
1,"tn_cb_cairn_smeltshaft","works at The Cinderbrook Bloomery",8
1,"tn_cb_fern_slaghollow_","helps at Cinderbrook Forge",3
1,"tn_cb_flint_rustvein_","healer",16
1,"tn_cb_hob_ashshaft_","stands watch",16
1,"tn_cb_holly_smelthollow","works at The Cinderbrook Bloomery",8
1,"tn_cb_nettle_rusthollow_","helps at The Lamp and Wick",1
1,"tn_cb_opal_ironvein_","stands watch",16
1,"tn_cb_pell_emberpit_","helps at The Red Door Store",16
1,"tn_df_edric_darkguard_","stands watch",16
1,"tn_df_garth_blackwatch_","stands watch",16
1,"tn_df_heath_nightward_","garrison cook",16
1,"tn_df_holt_blackward_","stands watch",16
1,"tn_df_holt_deepward_","minds the shop's door",12
1,"tn_df_iris_grimhold_","stands watch",16
1,"tn_df_rusk_nightguard_","commands the garrison",16
1,"tn_df_thistle_deepward_","helps at The Silent Forge",16
1,"tn_fh_dray_bogmoor_","stands watch",16
1,"tn_fh_dun_peatlode_","helps at Bogmyrtle's",8
1,"tn_fh_fern_damplode_","helps at The Marsh Apothecary",8
1,"tn_fh_flint_reedmere_","serves at The Peat Fire",8
1,"tn_fh_harrow_peathollow_","helps at Fenhollow Store",16
1,"tn_fh_isla_mudlode_","works at The Bog Brewery",8
1,"tn_fh_ivy_dampditch_","stands watch",16
1,"tn_fh_juniper_reedcarr_","helps at The Bog Iron Forge",16
1,"tn_fh_knap_peatditch_","keeps The Stilt Chapel",16
1,"tn_fh_lorn_rushditch_","helps at Rushlight Chandler",14
1,"tn_fh_marl_damplode_","minds the shop's door",6
1,"tn_fh_pike_boghollow_","works at The Bog Brewery",8
1,"tn_fh_rusk_reedcarr_","minds the shop's door",12
1,"tn_fh_thorn_peatcarr_","helps at The Mossloaf Bakery",8
1,"tn_fh_wren_rushditch_","minds the shop's door",9
1,"tn_hm_ash_hedgemere","helps at The Valley Oven",16
1,"tn_hm_drift_hollowside","helps at Valley Remedies",8
1,"tn_hm_reed_valemere","helps at The Hollowmere Shop",16
1,"tn_if_alder_greywall_","helps at The Isle Forge",16
1,"tn_if_bramble_greykeep_","garrison cook",16
1,"tn_if_eskar_islewall_","stands watch",16
1,"tn_if_harrow_towerguard_","stands watch",16
1,"tn_if_holt_merewatch_","minds the shop's door",12
1,"tn_if_iris_moatward_","stands watch",16
1,"tn_if_isla_moatwall_","stands watch",16
1,"tn_if_nettle_mereguard_","commands the garrison",16
1,"tn_if_thistle_greywall_","minds the shop's door",12
1,"tn_if_wolde_merewatch_","helps at The Armoury",16
1,"tn_ls_aster_merereach_","stands watch",16
1,"tn_ls_briar_stillside_","helps at Lakeside Goods",16
1,"tn_ls_brisk_poolhythe","works at The Mirrormere Smokehouse",8
1,"tn_ls_fern_eelford","healer",16
1,"tn_ls_frey_stillside_","minds the shop's door",12
1,"tn_ls_heath_oarwade_","stands watch",16
1,"tn_ls_hob_oarmere","works at The Mirrormere Smokehouse",8
1,"tn_ls_ingram_pikemere_","helps at Netmaker's Loft",16
1,"tn_ls_opal_mistmere_","helps at The Boatwright's",16
1,"tn_ls_slate_eelford","keeps The Mere Chapel",16
1,"tn_ls_varg_willowhythe_","minds the shop's door",12
1,"tn_ls_yarrow_stillford","serves at The Drowned Oar",8
1,"tn_nf_corrie_rimeward","stands watch",16
1,"tn_nf_dun_frostward","stands watch",16
1,"tn_nf_eskar_frosthold","works at The North Arsenal",16
1,"tn_nf_holly_bleakguard","works at The North Arsenal",16
1,"tn_nf_holly_rimeguard","minds the shop's door",12
1,"tn_nf_odo_rimehelm","commands the garrison",16
1,"tn_nf_yarrow_craghold","garrison cook",16
1,"tn_sr_bram_greycove","helps at Gullwharf Fish",8
1,"tn_sr_brand_shinglewater","stands watch",16
1,"tn_sr_dray_tidemouth","minds the shop's door",6
1,"tn_sr_gale_gullwick","serves at The Brine and Barrel",8
1,"tn_sr_jory_tidemouth","helps at The Barrel Yard",8
1,"tn_sr_kestrel_soundwater","works at The Saltreach Pans",8
1,"tn_sr_kindle_kelpline","works at The Gullwharf Smokehouse",8
1,"tn_sr_lark_shingleshore","works at The Saltreach Pans",8
1,"tn_sr_marl_kelpcove","stands watch",16
1,"tn_sr_nab_wrackshore","helps at The Anchor Smithy",16
1,"tn_sr_orrin_greymouth","works at The Gullwharf Smokehouse",8
1,"tn_sr_thorn_tideline","keeps The Tide Chapel",16
1,"tn_sr_tor_tideline","keeps The Salt House",16
1,"tn_wm_ash_thornwell","keeps The Granary",16
1,"tn_wm_bramble_westfold","stands watch",16
1,"tn_wm_frey_larkacre","helps at The Hide Yard",8
1,"tn_wm_hob_thornlea","stands watch",16
1,"tn_wm_holly_sheepridge","helps at Drover's Block",16
1,"tn_wm_holt_barrowmarch","helps at Downland Wool",8
1,"tn_wm_isla_westridge","drives cattle to market",16
1,"tn_wm_knap_barrowacre","drives cattle to market",16
1,"tn_wm_linden_woldfold","helps at Westmarch Mercantile",16
1,"tn_wm_orrin_haybarrow","minds the shop's door",6
1,"tn_wm_quill_haybarrow","minds the shop's door",6
1,"tn_wm_vetch_thornwell","keeps The Down Chapel",16
1,"uax_birch_frostwell_","sweeps and fetches for a shop",16
1,"uax_brock_bramblefoot_","lights the lamps at dusk",2
1,"uax_heather_birchhowl_","carries loads for hire",16
1,"uax_heather_snowfoot_","washes linen for hire",16
1,"uax_hob_brackenrun_","lights the lamps at dusk",2
1,"uax_ingram_greymantle_","carries loads for hire",14
1,"uax_juniper_heathheart_","runs messages about the city",16
1,"uax_juniper_tarnmoor_","runs messages about the city",16
1,"uax_kindle_ashwalker_","washes linen for hire",16
1,"uax_mara_oakridge_","washes linen for hire",16
1,"uax_nokk_ironbark_","lights the lamps at dusk",2
1,"uax_vesper_frostborn_","lights the lamps at dusk",2
1,"uax_wisp_duskfell_","sweeps and fetches for a shop",16
1,"umber_ashsong_","hauling crates",16
1,"willa","advising the leader",7
1,"willa_fallowmark_","tending the hurt",16
1,"wisp_","reading in the deep archive",16
1,"wolde","training",14
1,"wren_","holding the main gate",16
2,"alder_coldborn_","helping at The Tight Weft",8
2,"alder_hollowfang_","helping at The Stretched Hide",16
2,"ash_","leading the Warden Order",16
2,"ash_duskhide_","helping at The Cold Hammer",16
2,"aster_marshbark_","copying the city rolls",16
2,"aster_slateclaw_","helping at Needle & Nap",16
2,"bramble_","debating in the Grand Hall",16
2,"brand","holding the stair gate",16
2,"briar","training",8
2,"briar_brackenrun_","selling from a plaza stall",10
2,"briar_stormfang_","helping at Pinecut Joinery",8
2,"brisk_","coaching at the archery range",8
2,"brock","on night patrol",16
2,"brock_coldborn_","helping at The Tight Weft",8
2,"clover","training",8
2,"dawn","tending the scroll vaults",16
2,"dawn_greyhide_","helping at The Straight Shaft",8
2,"dray","holding the main gate",16
2,"dray_hollowfang_","helping at The Stretched Hide",16
2,"drift_frostwalker_","helping at Morning Rise Ovens",8
2,"dun_","running sparring bouts",8
2,"dun_pinewell_","copying the city rolls",16
2,"elm_coldborn_","helping at The Tight Weft",8
2,"elm_pinevale_","helping at Ridgeline Maps",10
2,"eskar_","on night patrol",16
2,"fallow","debating in the Grand Hall",16
2,"fell_","drilling trainees on the square",8
2,"fern_","holding the stair gate",16
2,"fern_frostmark_","helping at Cinderpaw Forge",16
2,"fern_greybark_","helping at Clayfoot Wares",16
2,"gorse_","running the obstacle course",8
2,"grist_hollowmere_","helping at Greywall Goods",16
2,"harl_mossmere_","helping at Timberline Carpentry",15
2,"harrow","hearing petitions",16
2,"hazel","advising the leader",7
2,"heath_","training",8
2,"heather","on night watch",16
2,"holly_","on patrol",16
2,"ind_briar_smeltshaft","works at The Cinderbrook Smelter",7
2,"ind_harl_cinderbrook","works at The Cinderbrook Smelter",6
2,"ingram_","training",8
2,"ingram_harrowgate_","tending the sick",16
2,"isla","on watch",16
2,"ivy_pinewalker_","tending the sick",16
2,"jarl","on watch",16
2,"jessamy","keeping the Annex",16
2,"kell","carrying messages for the Concord",16
2,"kell_ashfall_","hauling crates",16
2,"kestrel_","hearing petitions",16
2,"kindle","training",8
2,"kindle_frostfoot_","selling from a plaza stall",12
2,"kite","shelving in the upper stacks",16
2,"knap_","on watch",16
2,"lark_","keeping the chapel",16
2,"laurel","drilling in the compound",16
2,"laurel_ashwalker","helping at The Gatehouse Inn",8
2,"lichen","advising the leader",1
2,"loam_","drilling in the compound",16
2,"marsh","on patrol",16
2,"moor","drilling in the compound",16
2,"moss_","on patrol",16
2,"myrtle","on night watch",16
2,"nell","training",8
2,"nettle_ironbark_","drawing water at the plaza well",10
2,"nightjar_","keeping the crypt library",16
2,"nightjar_windhollow_","tallying stores",16
2,"nokk_","hearing petitions",14
2,"oak_","on night patrol",16
2,"orrin","carrying messages for the Concord",16
2,"quarry","training",8
2,"ridge","advising the leader",7
2,"ridge_mossborn_","minding the stores",16
2,"rm_ada_brineford","smoking fish",8
2,"rm_aldric_mudhand_","helping at Collar and Trace",8
2,"rm_ansel_brinewick","blowing glass",16
2,"rm_arne_brinewell_","running The Fell Wagon Yard",8
2,"rm_aud_rustford_","running The Vesk Salt Pans",8
2,"rm_beatha_rainmore_","helping at Greywool",5
2,"rm_beatha_saltley","keeping the chambers",16
2,"rm_berit_plankworth_","holding the south gate",16
2,"rm_bertil_fogwick","stewarding Grayrock Hall",16
2,"rm_bertil_millwick","keeping the chambers",16
2,"rm_bertil_pitchgate","building ships",16
2,"rm_bertil_wetridge_","helping at The Hook and Cleaver",16
2,"rm_bo_gullstack","foreman of the quarry",16
2,"rm_brand_mudstack","at the forge",2
2,"rm_brand_saltwell_","holding the quay gate",16
2,"rm_bryn_coalwell","working the saws",16
2,"rm_bryn_kelpridge","boiling rags",16
2,"rm_bryn_plankham_","on night patrol",16
2,"rm_caspar_greyley","working the saws",16
2,"rm_clemence_slagcot","keeping order in court",16
2,"rm_corra_wickby_","commanding the Watch",16
2,"rm_corwin_coalley_","on patrol",16
2,"rm_corwin_pitchley_","works at The Rag Mill",6
2,"rm_corwin_ropestack_","helping at Wetink Lane Scriveners",8
2,"rm_corwin_rustham","serving in the hall",16
2,"rm_dagfinn_ashmore","smoking fish",8
2,"rm_dagfinn_tarton_","minding the shop door",3
2,"rm_dagny_kelpmore_","running The Reach Tannery",8
2,"rm_dirk_brinecot_","works at The Blue Vats",4
2,"rm_dirk_dripford","keeping the gaol",16
2,"rm_dirk_sootham_","armourer at The Rivet and Rain",7
2,"rm_disa_gullhand_","works at Old Mother Tannery",4
2,"rm_dunstan_wickworth_","minding the shop door",12
2,"rm_ebba_bilgeworth_","running The Blue Vats",8
2,"rm_ebba_sootmarsh","at the forge",1
2,"rm_edda_rainby_","running The Rag Mill",8
2,"rm_edric_ashcombe","working the glass himself",16
2,"rm_edric_greywell_","works at The Grayrock Foundry",4
2,"rm_edric_pitchton_","running The Ashcombe Tileworks",8
2,"rm_egil_coalmore_","works at The Fell Wagon Yard",6
2,"rm_egil_fogton_","helping at Grist & Crust",8
2,"rm_egil_wickham_","holding the east gate",16
2,"rm_emmerich_foghand","serving in the hall",16
2,"rm_emmerich_wetridge_","minding the shop door",12
2,"rm_erland_sootham_","minding the shop door",3
2,"rm_finn_ashridge_","smith at Nailers' Forge",8
2,"rm_frida_millby","cooking for the House",8
2,"rm_gerrit_kelpley_","works at The Fell Wagon Yard",6
2,"rm_gorm_coalstack_","running The Reach Foundry",8
2,"rm_gorm_kelpcot","tallying the Houses' dues",16
2,"rm_greta_greymore_","works at The Ashcombe Tileworks",4
2,"rm_grete_mudton_","minding the shop door",6
2,"rm_grete_slagton_","works at The Brinewater Sail Loft",4
2,"rm_gudrun_bilgeham","building ships",16
2,"rm_gudrun_dripham","stewarding Ashcombe House",16
2,"rm_gudrun_fell","keeping the Fell accounts",8
2,"rm_gunnar_nailmarsh","twisting rope",3
2,"rm_hakon_mudton_","brewer at The Black Tun",8
2,"rm_hakon_pitchstack","keeping the chambers",16
2,"rm_halvard_pitchwell_","minding the shop door",6
2,"rm_hester_coalgate","twisting rope",3
2,"rm_hilde_kelpworth_","running The Brinewater Sail Loft",8
2,"rm_hjalte_rustworth","working the saws",16
2,"rm_hjalte_saltgate_","chandler at Wickham's Chandlery",8
2,"rm_hollis_bilgewick","tending the sick",16
2,"rm_hollis_wickworth_","helping at Sump Sundries",16
2,"rm_ilse_greyby_","helping at Harbour Provisions",16
2,"rm_ilse_saltworth","at the forge",1
2,"rm_ingrid_grayrock","at her lessons in the Hall",16
2,"rm_ingrid_nailwick","at the forge",1
2,"rm_ingrid_tarcot_","running Old Mother Tannery",8
2,"rm_isolde_tarwick","presiding over the Council",16
2,"rm_ivo_dripgate_","works at The Grayrock Arsenal",4
2,"rm_ivo_pitchby_","works at The Grayrock Arsenal",4
2,"rm_ivo_wickridge","smoking fish",8
2,"rm_jarl_coalworth","smoking fish",8
2,"rm_jarl_gullmarsh_","pickle stall on the Market Square",8
2,"rm_jasper_sootton_","works at The Rag Mill",6
2,"rm_kari_cindermarsh_","on night patrol",16
2,"rm_kari_millham_","minding the shop door",6
2,"rm_karin_mudham_","fish stall on the Market Square",8
2,"rm_kjell_plankstack","copying the rolls",16
2,"rm_kjell_tarton_","helping at The Anchor Forge",6
2,"rm_knut_gulldale_","running The Grayrock Foundry",8
2,"rm_knut_rainley_","helping at The Pawn and Ledger",8
2,"rm_lars_rainford_","on patrol",16
2,"rm_lars_sootham_","minding the shop door",3
2,"rm_leif_brinewater","walking the ropewalk",3
2,"rm_leif_mudcot_","helping at The Wet Slab",8
2,"rm_lothar_ashdale_","works at The Vesk Salt Pans",6
2,"rm_lothar_brineridge","cooking for the House",8
2,"rm_lotte_brinemarsh","serving in the hall",8
2,"rm_lotte_gullcot_","nut stall on the Market Square",8
2,"rm_magnus_mudgate","working the saws",16
2,"rm_magnus_sootham_","helping at The Rivet and Rain",5
2,"rm_magnus_vesk","counting the catch",8
2,"rm_magnus_wickmore_","helping at Oilcloth & Wool",6
2,"rm_maren_fogton_","baker at Grist & Crust",8
2,"rm_maren_ropewell","keeping the chapel",16
2,"rm_maren_tarworth","serving in the hall",16
2,"rm_moll_rustby_","on patrol",16
2,"rm_nan_brineworth_","works at The Ashcombe Tileworks",4
2,"rm_nan_rainton","keeping the chambers",16
2,"rm_nessa_brinewater","learning the shipyard",16
2,"rm_nils_wickley_","on patrol",16
2,"rm_njal_fogdale","weighing bales",16
2,"rm_oda_greyford_","works at Old Mother Tannery",4
2,"rm_oda_rustwell","taxing the cargoes",16
2,"rm_olaf_wetworth","stewarding Brinewater House",16
2,"rm_orm_fogby_","works at The Grayrock Foundry",4
2,"rm_orm_nailley","cooking for the House",16
2,"rm_oskar_muddale","keeping the harbour",16
2,"rm_osric_dripcot_","works at The Vesk Salt Pans",6
2,"rm_ottilie_pitchmore","working the saws",16
2,"rm_ottilie_wetmarsh_","honey stall on the Market Square",8
2,"rm_ottilie_wickmore_","tailor at Oilcloth & Wool",8
2,"rm_palle_cinderhand_","running The Grayrock Lime Kilns",8
2,"rm_palle_ropeton","stewarding Fellhall",8
2,"rm_piet_cindermore_","works at The Reach Tannery",6
2,"rm_ragnar_millworth_","minding the shop door",6
2,"rm_ragnar_plankgate","serving in the hall",9
2,"rm_runa_gullton_","egg stall on the Market Square",8
2,"rm_runa_rainwick_","works at The Grayrock Lime Kilns",8
2,"rm_rune_brineton_","minding the shop door",12
2,"rm_rune_millworth","runs The Rainwash Smokehouse",8
2,"rm_sigrun_bilgeby","building ships",16
2,"rm_silas_gullham","twisting rope",3
2,"rm_silas_gullley_","works at The Brinewater Sail Loft",4
2,"rm_soren_slagford","keeping the chambers",16
2,"rm_soren_wetcot","stewarding Vesk Manor",9
2,"rm_sten_vesk","running the salt pans",8
2,"rm_tilde_brinestack_","running The Grayrock Arsenal",8
2,"rm_tilde_ropestack_","scribe at Wetink Lane Scriveners",8
2,"rm_tilde_wethand","cooking for the House",16
2,"rm_tobias_grayrock","overseeing the ironworks",16
2,"rm_tove_pitchworth","keeping the inn",8
2,"rm_tove_ropedale","hearing cases",16
2,"rm_ulla_brinedale","cooking for the House",16
2,"rm_una_pitchwell_","runs Greywater Dairy",8
2,"rm_vidar_kelpgate","at the forge",2
2,"rm_vidar_ropewick_","works at The Blue Vats",4
2,"rm_vigdis_millwell_","works at The Reach Tannery",6
2,"rm_wenna_coalwick_","running The South Gate Stables",8
2,"rm_wenna_mudhand_","saddler at Collar and Trace",8
2,"rm_wynn_cinderton","building ships",16
2,"rm_yrsa_mudmarsh","smoking fish",8
2,"rm_yrsa_plankridge","blowing glass",16
2,"rm_yrsa_wickdale","blowing glass",16
2,"rmx_egil_plankridge","lights the lamps at dusk",8
2,"rmx_olaf_cindermarsh_","sweeps and fetches for a shop",9
2,"rmx_pim_dripham_","runs messages about the city",16
2,"rmx_rika_nailcot_","washes linen for hire",16
2,"rmx_runa_ashton_","runs messages about the city",16
2,"rmx_silas_saltstack_","sweeps and fetches for a shop",3
2,"rmx_thyra_greycot_","runs messages about the city",16
2,"roan_","on patrol",16
2,"sage_","debating in the Grand Hall",16
2,"scree_","on patrol",16
2,"sella","drilling in the compound",16
2,"sf_agnese_castellane_","receiving guests",16
2,"sf_agnese_orsotti","saddler at Cuoio Fino",8
2,"sf_agnese_rivale","apothecary at Farmacia della Santa",8
2,"sf_alba_galieri_","guarding the palace",16
2,"sf_alessio_rosandi","helping at Ottone & Rame",16
2,"sf_amedeo_maresi","helping at Penna e Sigillo",8
2,"sf_amedeo_orselli","helping at Dispensa del Porto",5
2,"sf_aurelia_belano","unloading barges",1
2,"sf_aurelio_marucci","presiding over the guild",16
2,"sf_bastiano_orsesi_","serving the household",16
2,"sf_beatrice_orselli","minding the shop door",3
2,"sf_benedetto_albani","celebrating the Mass",16
2,"sf_bruno_lanale","soup stall on the Mercato",8
2,"sf_carlotta_lanano","helping at Seta Fina",16
2,"sf_cassio_di_castellane","attending the court",16
2,"sf_ciro_aldobrandi_","receiving guests",16
2,"sf_ciro_marandi_","keeping the crypt",16
2,"sf_clelia_benano","works at Tintoria Bellandi",4
2,"sf_clelia_coruzzi","helping at La Forgia",16
2,"sf_corrado_marotti_","leading the choir",16
2,"sf_corrado_morone","shopkeeper at The Red Door",8
2,"sf_cosima_ferucci","works at The Royal Arsenal",4
2,"sf_cosima_morucci","holding the east gate",16
2,"sf_cosima_rivelli","running Mulino del Borgo",8
2,"sf_cosimo_casari","mason at Marmi Ferrante",8
2,"sf_cosimo_morone","helping at The Red Door",5
2,"sf_cosimo_orsini","glassblower at Vetro Chiaro",8
2,"sf_dario_rivuzzi","mending nets on the wharf",1
2,"sf_delia_rosetti","minding the shop door",6
2,"sf_donatella_casari","helping at Marmi Ferrante",5
2,"sf_donatella_rivari","mending nets on the wharf",1
2,"sf_duccio_coretti_","serving the household",16
2,"sf_duccio_orselli","provisioner at Dispensa del Porto",8
2,"sf_duccio_valmonte_","receiving guests",16
2,"sf_elena_lanucci","minding the shop door",6
2,"sf_elena_rivetti","works at Fonderia delle Campane",4
2,"sf_eliseo_colesi","works at Cartiera Bianca",4
2,"sf_eliseo_salari","works at Carri Galli",4
2,"sf_eliseo_valuzzi","fishmonger at Pesce del Fiume",8
2,"sf_emilia_ferante_","keeping the Chapel Royal",16
2,"sf_emilio_valieri","minding the shop door",6
2,"sf_enzo_casuzzi","cooper at Botti Ferrante",8
2,"sf_enzo_lucenti_","receiving guests",16
2,"sf_fabrizio_benandi","grading fleeces",16
2,"sf_fiora_belieri_","hearing confessions",16
2,"sf_fiora_rivano_","serving the household",16
2,"sf_flavia_corano_","works at Tintoria Bellandi",4
2,"sf_flavia_ferotti","works at Carri Galli",4
2,"sf_flavia_galone","minding the shop door",6
2,"sf_gemma_belini_","polishing the throne room",16
2,"sf_gemma_corieri","running Carri Galli",8
2,"sf_gemma_salieri","unloading barges",1
2,"sf_gemma_valieri","helping at Mappe del Fiume",11
2,"sf_gemma_venale","minding the shop door",6
2,"sf_giacomo_ferale_","keeping the royal apartments",16
2,"sf_giacomo_toretti","works at La Concia",2
2,"sf_gino_casandi_","guarding the palace",16
2,"sf_gino_daruzzi","works at La Concia",2
2,"sf_giulia_colari","tallying barges",16
2,"sf_gualtiero_colini","running Fonderia delle Campane",8
2,"sf_gualtiero_rosetti","moneychanger at The Bank of the Red Roof",8
2,"sf_ilaria_palale_","gossiping at court",16
2,"sf_ilario_coluzzi_","attending the Queen",16
2,"sf_ilario_morieri","helping at Erbe di Campo",8
2,"sf_isotta_nerale","on patrol",16
2,"sf_isotta_palucci","helping at Profumi Lucenti",8
2,"sf_isotta_salandi","works at The Royal Arsenal",4
2,"sf_lapo_casuzzi","helping at Botti Ferrante",8
2,"sf_lapo_orsenna_","receiving guests",16
2,"sf_lapo_salesi","painting on the cathedral square",16
2,"sf_lavinia_belale","works at Fonderia delle Campane",4
2,"sf_lavinia_nerandi","helping at Armeria del Leone",8
2,"sf_leandro_valucci_","serving the household",16
2,"sf_livia_di_castellane","receiving at court",16
2,"sf_livia_galante_","announcing the court",16
2,"sf_livia_lanotti_","guarding the palace",16
2,"sf_livia_torandi","porridge stall on the Mercato",8
2,"sf_livia_venucci","minding the shop door",6
2,"sf_lorenzo_benone","hauling for the warehouses",1
2,"sf_loretta_colotti_","guarding the palace",16
2,"sf_loretta_valesi_","keeping the guild books",16
2,"sf_lucia_colone_","arguing the price of wool",16
2,"sf_lucia_nerucci","on patrol",16
2,"sf_mafalda_lucenti_","receiving guests",16
2,"sf_mafalda_marenzi_","receiving guests",16
2,"sf_mafalda_morotti","running Tintoria Bellandi",8
2,"sf_mafalda_palari_","serving the household",16
2,"sf_marcello_galuzzi","helping at Il Forno d'Oro",8
2,"sf_marcello_morandi","running The Royal Arsenal",8
2,"sf_marcello_palucci","perfumer at Profumi Lucenti",8
2,"sf_marcello_venale","helping at Bottega del Legno",8
2,"sf_marzia_ferini_","serving the royal table",16
2,"sf_marzia_orsenna_","receiving guests",16
2,"sf_marzia_rivucci_","nursing the sick",16
2,"sf_matteo_lanante","runs Il Mulino Dairy",8
2,"sf_matteo_orsieri","butcher at Macelleria Rossi",8
2,"sf_matteo_salini","keeps the water mill at La Riva",8
2,"sf_matteo_valari","brewer at The Poggio Chiaro Press",8
2,"sf_mauro_orsotti","runs The Le Api Brickworks",8
2,"sf_mirella_rosotti_","lighting the candles",16
2,"sf_nico_lanini_","serving the household",16
2,"sf_nico_palandi","works at The Red Tile Works",4
2,"sf_nives_morini_","commanding the palace guard",16
2,"sf_nives_salelli","on night patrol",16
2,"sf_noemi_lanetti_","serving the household",16
2,"sf_noemi_valmonte_","receiving guests",16
2,"sf_orsino_belante","on patrol",16
2,"sf_orsola_marano","on night patrol",16
2,"sf_ottavia_lanza","hearing petitions",16
2,"sf_ottavia_maruzzi","works at Mulino del Borgo",8
2,"sf_ottavia_nerari","on patrol",16
2,"sf_ottone_marenzi_","receiving guests",16
2,"sf_pasquale_torone_","serving the household",16
2,"sf_perla_belucci","on patrol",16
2,"sf_piero_darotti_","guarding the palace",16
2,"sf_piero_morone","minding the shop door",3
2,"sf_primo_benale_","cooking for the palace",8
2,"sf_raffaele_rosetti","runs The Prato Verde Smokehouse",8
2,"sf_renata_galini","works at Cartiera Bianca",4
2,"sf_renata_salini","weaver at Tessitura Bellandi",8
2,"sf_renzo_corucci","running La Concia",8
2,"sf_rocco_morano","keeping the inn",6
2,"sf_rocco_orsini","minding the shop door",6
2,"sf_rosalba_belotti_","attending the King",16
2,"sf_salvatore_orsone","running Cartiera Bianca",8
2,"sf_salvatore_venante","works at The Red Tile Works",4
2,"sf_serafina_aldobrandi_","receiving guests",16
2,"sf_serafina_ferelli_","running errands for the household",4
2,"sf_serafina_lanone","commanding the city guard",16
2,"sf_serafina_maresi","minding the shop door",6
2,"sf_sveva_galucci","unloading barges",1
2,"sf_taddeo_paluzzi","unloading barges",1
2,"sf_teodora_venone_","serving the household",16
2,"sf_teodoro_palone","running The East Gate Stables",8
2,"sf_tommaso_benini_","serving the household",16
2,"sf_tommaso_darandi_","serving the household",16
2,"sf_tullia_darari_","nursing the sick",16
2,"sf_ugo_casari","minding the shop door",3
2,"sf_umberto_maresi","minding the shop door",6
2,"sf_umberto_marieri","on night patrol",16
2,"sf_valeria_toruzzi_","scrubbing the kitchens",4
2,"sf_valerio_casieri","running The Red Tile Works",8
2,"sf_valerio_nerandi","armourer at Armeria del Leone",8
2,"sf_vasco_casotti_","runs Santa Lucia Dairy",8
2,"sf_vasco_castellane_","receiving guests",16
2,"sf_viola_darieri_","serving the household",16
2,"sf_viola_galano","mending nets on the wharf",1
2,"sf_vittore_nerone","holding the north gate",16
2,"sf_vittoria_torucci_","copying the chapter's books",16
2,"sfx_fausto_orsini","works at The La Riva Water Mill",8
2,"sfx_manfredi_pallotta","sweeps and fetches for a shop",8
2,"skye_","holding the south gate",16
2,"sloe","presiding over the Concord",16
2,"tansy","keeping the training stores",16
2,"tarn_","holding the south gate",16
2,"thief","working",16
2,"thistle_","on watch",16
2,"thorn_screebark_","mending the old wall",12
2,"tn_ac_bramble_gatewright","stands watch",16
2,"tn_ac_elm_crosswright","minds the shop's door",6
2,"tn_ac_flint_milestone","tends the carters' beasts",16
2,"tn_ac_gale_crossley","works at The Wheelwright's Yard",8
2,"tn_ac_heath_wheelmark","tends the carters' beasts",16
2,"tn_ac_holly_gatepost","loads the caravan wagons",16
2,"tn_ac_mara_dustcote","helps at Waystation Stores",8
2,"tn_ac_quarry_gatepost","loads the caravan wagons",16
2,"tn_ac_quill_tollwell","helps at The Gate Forge",8
2,"tn_ac_ridge_mileward","keeps The Caravan Shed",16
2,"tn_ac_ridge_waymark","helps at The Trace and Collar",8
2,"tn_ac_rowan_cartpost","stands watch",16
2,"tn_ac_stone_wayrun","works at The Wheelwright's Yard",8
2,"tn_ac_varg_mileward","loads the caravan wagons",16
2,"tn_ac_wald_tollwell","minds the shop's door",6
2,"tn_af_brand_strawacre","keeps the ford toll",16
2,"tn_af_edric_sheaffield_","helps at Amberford Goods",16
2,"tn_af_fallow_grainford_","minds the shop's door",12
2,"tn_af_frey_wheatmow_","stands watch",16
2,"tn_af_ivy_furrowstook_","keeps The Grain Barn",16
2,"tn_af_ivy_strawacre_","grinds at the ford mill",11
2,"tn_af_nell_furrowmow_","helps at The Amber Loaf",8
2,"tn_af_tor_goldstead_","stands watch",16
2,"tn_af_tor_grainfield_","helps at Ford Brewhouse",8
2,"tn_af_umber_wheatley_","helps at Amberford Cooperage",16
2,"tn_af_varg_harrowford","works at The Ford Mill",16
2,"tn_af_yarrow_furrowstook_","keeps The Harvest Chapel",16
2,"tn_cb_brock_rustvein_","keeps The Shrine of the Iron Saint",16
2,"tn_cb_fern_slaghollow_","helps at Cinderbrook Forge",3
2,"tn_cb_flint_rustvein_","healer",16
2,"tn_cb_hob_ashshaft_","stands watch",16
2,"tn_cb_holly_smelthollow","works at The Cinderbrook Bloomery",1
2,"tn_cb_nettle_rusthollow_","helps at The Lamp and Wick",6
2,"tn_cb_opal_ironvein_","stands watch",16
2,"tn_cb_pell_emberpit_","helps at The Red Door Store",16
2,"tn_df_edric_darkguard_","stands watch",16
2,"tn_df_garth_blackwatch_","stands watch",16
2,"tn_df_heath_nightward_","garrison cook",16
2,"tn_df_holt_blackward_","stands watch",16
2,"tn_df_holt_deepward_","minds the shop's door",12
2,"tn_df_iris_grimhold_","stands watch",16
2,"tn_df_rusk_nightguard_","commands the garrison",16
2,"tn_df_thistle_deepward_","helps at The Silent Forge",16
2,"tn_fh_dray_bogmoor_","stands watch",16
2,"tn_fh_dun_peatlode_","helps at Bogmyrtle's",8
2,"tn_fh_fern_damplode_","helps at The Marsh Apothecary",8
2,"tn_fh_flint_reedmere_","serves at The Peat Fire",8
2,"tn_fh_harrow_peathollow_","helps at Fenhollow Store",16
2,"tn_fh_isla_mudlode_","works at The Bog Brewery",8
2,"tn_fh_ivy_dampditch_","stands watch",16
2,"tn_fh_juniper_reedcarr_","helps at The Bog Iron Forge",16
2,"tn_fh_knap_peatditch_","keeps The Stilt Chapel",16
2,"tn_fh_lorn_rushditch_","helps at Rushlight Chandler",9
2,"tn_fh_marl_damplode_","minds the shop's door",6
2,"tn_fh_pike_boghollow_","works at The Bog Brewery",8
2,"tn_fh_rusk_reedcarr_","minds the shop's door",12
2,"tn_fh_thorn_peatcarr_","helps at The Mossloaf Bakery",8
2,"tn_fh_wren_rushditch_","minds the shop's door",6
2,"tn_hm_ash_hedgemere","helps at The Valley Oven",8
2,"tn_hm_drift_hollowside","helps at Valley Remedies",8
2,"tn_hm_reed_valemere","helps at The Hollowmere Shop",16
2,"tn_if_alder_greywall_","helps at The Isle Forge",16
2,"tn_if_bramble_greykeep_","garrison cook",16
2,"tn_if_eskar_islewall_","stands watch",16
2,"tn_if_harrow_towerguard_","stands watch",16
2,"tn_if_holt_merewatch_","minds the shop's door",12
2,"tn_if_iris_moatward_","stands watch",16
2,"tn_if_isla_moatwall_","stands watch",16
2,"tn_if_nettle_mereguard_","commands the garrison",16
2,"tn_if_thistle_greywall_","minds the shop's door",12
2,"tn_if_wolde_merewatch_","helps at The Armoury",16
2,"tn_ls_aster_merereach_","stands watch",16
2,"tn_ls_briar_stillside_","helps at Lakeside Goods",16
2,"tn_ls_brisk_poolhythe","works at The Mirrormere Smokehouse",8
2,"tn_ls_fern_eelford","healer",16
2,"tn_ls_frey_stillside_","minds the shop's door",12
2,"tn_ls_heath_oarwade_","stands watch",16
2,"tn_ls_hob_oarmere","works at The Mirrormere Smokehouse",8
2,"tn_ls_ingram_pikemere_","helps at Netmaker's Loft",11
2,"tn_ls_opal_mistmere_","helps at The Boatwright's",16
2,"tn_ls_slate_eelford","keeps The Mere Chapel",16
2,"tn_ls_varg_willowhythe_","minds the shop's door",12
2,"tn_nf_corrie_rimeward","stands watch",16
2,"tn_nf_dun_frostward","stands watch",16
2,"tn_nf_eskar_frosthold","works at The North Arsenal",9
2,"tn_nf_holly_bleakguard","works at The North Arsenal",10
2,"tn_nf_holly_rimeguard","minds the shop's door",12
2,"tn_nf_odo_rimehelm","commands the garrison",16
2,"tn_nf_yarrow_craghold","garrison cook",16
2,"tn_sr_bram_greycove","helps at Gullwharf Fish",8
2,"tn_sr_brand_shinglewater","stands watch",16
2,"tn_sr_dray_tidemouth","minds the shop's door",6
2,"tn_sr_gale_gullwick","serves at The Brine and Barrel",8
2,"tn_sr_jory_tidemouth","helps at The Barrel Yard",8
2,"tn_sr_kestrel_soundwater","works at The Saltreach Pans",8
2,"tn_sr_kindle_kelpline","works at The Gullwharf Smokehouse",8
2,"tn_sr_lark_shingleshore","works at The Saltreach Pans",8
2,"tn_sr_marl_kelpcove","stands watch",16
2,"tn_sr_nab_wrackshore","helps at The Anchor Smithy",16
2,"tn_sr_orrin_greymouth","works at The Gullwharf Smokehouse",8
2,"tn_sr_thorn_tideline","keeps The Tide Chapel",16
2,"tn_sr_tor_tideline","keeps The Salt House",16
2,"tn_wm_ash_thornwell","keeps The Granary",16
2,"tn_wm_bramble_westfold","stands watch",16
2,"tn_wm_frey_larkacre","helps at The Hide Yard",8
2,"tn_wm_hob_thornlea","stands watch",16
2,"tn_wm_holly_sheepridge","helps at Drover's Block",16
2,"tn_wm_holt_barrowmarch","helps at Downland Wool",8
2,"tn_wm_isla_westridge","drives cattle to market",16
2,"tn_wm_knap_barrowacre","drives cattle to market",16
2,"tn_wm_linden_woldfold","helps at Westmarch Mercantile",16
2,"tn_wm_orrin_haybarrow","minds the shop's door",6
2,"tn_wm_quill_haybarrow","minds the shop's door",6
2,"tn_wm_vetch_thornwell","keeps The Down Chapel",16
2,"uax_ash_cragfoot_","carries loads for hire",12
2,"uax_birch_frostwell_","sweeps and fetches for a shop",16
2,"uax_brock_ashsong_","washes linen for hire",12
2,"uax_brock_bramblefoot_","lights the lamps at dusk",10
2,"uax_drift_birchhowl_","washes linen for hire",12
2,"uax_elm_stormcoat_","carries loads for hire",12
2,"uax_gorse_mosscoat_","runs messages about the city",14
2,"uax_heath_mossborn_","washes linen for hire",14
2,"uax_heather_birchhowl_","carries loads for hire",16
2,"uax_heather_snowfoot_","washes linen for hire",16
2,"uax_hob_brackenrun_","lights the lamps at dusk",10
2,"uax_ingram_greymantle_","carries loads for hire",8
2,"uax_ivy_stonecoat_","washes linen for hire",12
2,"uax_juniper_heathheart_","runs messages about the city",10
2,"uax_juniper_tarnmoor_","runs messages about the city",16
2,"uax_kestrel_windmere_","washes linen for hire",12
2,"uax_kindle_ashwalker_","washes linen for hire",16
2,"uax_ludo_dusksong_","washes linen for hire",14
2,"uax_mara_oakridge_","washes linen for hire",10
2,"uax_nokk_ironbark_","lights the lamps at dusk",10
2,"uax_pell_frostback_","carries loads for hire",12
2,"uax_sella_heathrow_","runs messages about the city",12
2,"uax_sella_mistvale_","washes linen for hire",14
2,"uax_vale_pinecrest_","carries loads for hire",12
2,"uax_vesper_frostborn_","lights the lamps at dusk",10
2,"uax_wisp_duskfell_","sweeps and fetches for a shop",16
2,"uax_yarrow_mossborn_","washes linen for hire",14
2,"umber_ashsong_","hauling crates",16
2,"willa","advising the leader",1
2,"willa_fallowmark_","tending the hurt",16
2,"wisp_","reading in the deep archive",16
2,"wolde","training",8
2,"wren_","holding the main gate",16
3,"alder_coldborn_","helping at The Tight Weft",8
3,"alder_hollowfang_","helping at The Stretched Hide",15
3,"ash_","leading the Warden Order",16
3,"ash_duskhide_","helping at The Cold Hammer",16
3,"aster_marshbark_","copying the city rolls",16
3,"aster_slateclaw_","helping at Needle & Nap",16
3,"bramble_","debating in the Grand Hall",16
3,"brand","holding the stair gate",16
3,"briar","training",8
3,"briar_brackenrun_","selling from a plaza stall",8
3,"briar_stormfang_","helping at Pinecut Joinery",8
3,"brisk_","coaching at the archery range",10
3,"brock","on night patrol",16
3,"brock_coldborn_","helping at The Tight Weft",8
3,"clover","training",8
3,"dawn","tending the scroll vaults",16
3,"dawn_greyhide_","helping at The Straight Shaft",8
3,"dray","holding the main gate",16
3,"dray_hollowfang_","helping at The Stretched Hide",15
3,"drift_frostwalker_","helping at Morning Rise Ovens",8
3,"dun_","running sparring bouts",10
3,"dun_pinewell_","copying the city rolls",16
3,"elm_coldborn_","helping at The Tight Weft",8
3,"elm_pinevale_","helping at Ridgeline Maps",8
3,"eskar_","on night patrol",16
3,"fallow","debating in the Grand Hall",16
3,"fell_","drilling trainees on the square",10
3,"fern_","holding the stair gate",16
3,"fern_frostmark_","helping at Cinderpaw Forge",16
3,"fern_greybark_","helping at Clayfoot Wares",8
3,"gorse_","running the obstacle course",10
3,"grist_hollowmere_","helping at Greywall Goods",16
3,"harl_mossmere_","helping at Timberline Carpentry",8
3,"harrow","hearing petitions",16
3,"hazel","advising the leader",7
3,"heath_","training",8
3,"heather","on night watch",16
3,"holly_","on patrol",16
3,"ind_briar_smeltshaft","works at The Cinderbrook Smelter",1
3,"ind_harl_cinderbrook","works at The Cinderbrook Smelter",1
3,"ingram_","training",8
3,"ingram_harrowgate_","tending the sick",16
3,"isla","on watch",16
3,"ivy_pinewalker_","tending the sick",16
3,"jarl","on watch",16
3,"jessamy","keeping the Annex",16
3,"kell","carrying messages for the Concord",14
3,"kell_ashfall_","hauling crates",16
3,"kestrel_","hearing petitions",16
3,"kindle","training",8
3,"kindle_frostfoot_","selling from a plaza stall",10
3,"kite","shelving in the upper stacks",16
3,"knap_","on watch",16
3,"lark_","keeping the chapel",16
3,"laurel","drilling in the compound",16
3,"laurel_ashwalker","helping at The Gatehouse Inn",8
3,"lichen","advising the leader",1
3,"loam_","drilling in the compound",16
3,"marsh","on patrol",16
3,"moor","drilling in the compound",16
3,"moss_","on patrol",16
3,"myrtle","on night watch",16
3,"nell","training",10
3,"nettle_ironbark_","drawing water at the plaza well",8
3,"nightjar_","keeping the crypt library",16
3,"nightjar_windhollow_","tallying stores",16
3,"nokk_","hearing petitions",14
3,"oak_","on night patrol",16
3,"orrin","carrying messages for the Concord",16
3,"quarry","training",8
3,"ridge","advising the leader",7
3,"ridge_mossborn_","minding the stores",16
3,"rm_ada_brineford","smoking fish",7
3,"rm_aldric_mudhand_","helping at Collar and Trace",8
3,"rm_ansel_brinewick","blowing glass",16
3,"rm_arne_brinewell_","running The Fell Wagon Yard",8
3,"rm_aud_rustford_","running The Vesk Salt Pans",8
3,"rm_beatha_rainmore_","helping at Greywool",8
3,"rm_beatha_saltley","keeping the chambers",16
3,"rm_berit_plankworth_","holding the south gate",16
3,"rm_bertil_fogwick","stewarding Grayrock Hall",9
3,"rm_bertil_millwick","keeping the chambers",16
3,"rm_bertil_pitchgate","building ships",16
3,"rm_bertil_wetridge_","helping at The Hook and Cleaver",16
3,"rm_bo_gullstack","foreman of the quarry",16
3,"rm_brand_saltwell_","holding the quay gate",16
3,"rm_bryn_coalwell","working the saws",16
3,"rm_bryn_kelpridge","boiling rags",16
3,"rm_bryn_plankham_","on night patrol",16
3,"rm_caspar_greyley","working the saws",16
3,"rm_clemence_slagcot","keeping order in court",16
3,"rm_corra_wickby_","commanding the Watch",16
3,"rm_corwin_coalley_","on patrol",16
3,"rm_corwin_pitchley_","works at The Rag Mill",6
3,"rm_corwin_ropestack_","helping at Wetink Lane Scriveners",8
3,"rm_corwin_rustham","serving in the hall",9
3,"rm_dagfinn_ashmore","smoking fish",7
3,"rm_dagny_kelpmore_","running The Reach Tannery",8
3,"rm_dirk_brinecot_","works at The Blue Vats",4
3,"rm_dirk_dripford","keeping the gaol",16
3,"rm_dirk_sootham_","armourer at The Rivet and Rain",4
3,"rm_disa_gullhand_","works at Old Mother Tannery",4
3,"rm_dunstan_wickworth_","minding the shop door",12
3,"rm_ebba_bilgeworth_","running The Blue Vats",8
3,"rm_edda_rainby_","running The Rag Mill",8
3,"rm_edric_ashcombe","working the glass himself",16
3,"rm_edric_pitchton_","running The Ashcombe Tileworks",8
3,"rm_egil_coalmore_","works at The Fell Wagon Yard",6
3,"rm_egil_fogton_","helping at Grist & Crust",8
3,"rm_egil_wickham_","holding the east gate",16
3,"rm_emmerich_foghand","serving in the hall",9
3,"rm_emmerich_wetridge_","minding the shop door",12
3,"rm_erland_sootham_","minding the shop door",2
3,"rm_finn_ashridge_","smith at Nailers' Forge",8
3,"rm_frida_millby","cooking for the House",8
3,"rm_gerrit_kelpley_","works at The Fell Wagon Yard",6
3,"rm_gorm_coalstack_","running The Reach Foundry",8
3,"rm_gorm_kelpcot","tallying the Houses' dues",16
3,"rm_greta_greymore_","works at The Ashcombe Tileworks",4
3,"rm_grete_mudton_","minding the shop door",6
3,"rm_grete_slagton_","works at The Brinewater Sail Loft",4
3,"rm_gudrun_bilgeham","building ships",16
3,"rm_gudrun_dripham","stewarding Ashcombe House",9
3,"rm_gudrun_fell","keeping the Fell accounts",8
3,"rm_hakon_mudton_","brewer at The Black Tun",8
3,"rm_hakon_pitchstack","keeping the chambers",16
3,"rm_halvard_pitchwell_","minding the shop door",6
3,"rm_hilde_kelpworth_","running The Brinewater Sail Loft",8
3,"rm_hjalte_rustworth","working the saws",16
3,"rm_hjalte_saltgate_","chandler at Wickham's Chandlery",8
3,"rm_hollis_bilgewick","tending the sick",16
3,"rm_hollis_wickworth_","helping at Sump Sundries",16
3,"rm_ilse_greyby_","helping at Harbour Provisions",16
3,"rm_ingrid_grayrock","at her lessons in the Hall",16
3,"rm_ingrid_tarcot_","running Old Mother Tannery",8
3,"rm_isolde_tarwick","presiding over the Council",16
3,"rm_ivo_dripgate_","works at The Grayrock Arsenal",4
3,"rm_ivo_pitchby_","works at The Grayrock Arsenal",4
3,"rm_ivo_wickridge","smoking fish",7
3,"rm_jarl_coalworth","smoking fish",7
3,"rm_jarl_gullmarsh_","pickle stall on the Market Square",8
3,"rm_jasper_sootton_","works at The Rag Mill",6
3,"rm_kari_cindermarsh_","on night patrol",16
3,"rm_kari_millham_","minding the shop door",6
3,"rm_karin_mudham_","fish stall on the Market Square",8
3,"rm_kjell_plankstack","copying the rolls",16
3,"rm_knut_gulldale_","running The Grayrock Foundry",8
3,"rm_knut_rainley_","helping at The Pawn and Ledger",8
3,"rm_lars_rainford_","on patrol",16
3,"rm_lars_sootham_","minding the shop door",2
3,"rm_leif_mudcot_","helping at The Wet Slab",4
3,"rm_lothar_ashdale_","works at The Vesk Salt Pans",6
3,"rm_lothar_brineridge","cooking for the House",8
3,"rm_lotte_brinemarsh","serving in the hall",8
3,"rm_lotte_gullcot_","nut stall on the Market Square",8
3,"rm_magnus_mudgate","working the saws",16
3,"rm_magnus_sootham_","helping at The Rivet and Rain",4
3,"rm_magnus_vesk","counting the catch",7
3,"rm_maren_fogton_","baker at Grist & Crust",8
3,"rm_maren_ropewell","keeping the chapel",16
3,"rm_maren_tarworth","serving in the hall",9
3,"rm_moll_rustby_","on patrol",16
3,"rm_nan_brineworth_","works at The Ashcombe Tileworks",4
3,"rm_nan_rainton","keeping the chambers",16
3,"rm_nessa_brinewater","learning the shipyard",16
3,"rm_nils_wickley_","on patrol",16
3,"rm_njal_fogdale","weighing bales",16
3,"rm_oda_greyford_","works at Old Mother Tannery",4
3,"rm_oda_rustwell","taxing the cargoes",16
3,"rm_olaf_wetworth","stewarding Brinewater House",9
3,"rm_orm_nailley","cooking for the House",16
3,"rm_oskar_muddale","keeping the harbour",16
3,"rm_osric_dripcot_","works at The Vesk Salt Pans",6
3,"rm_ottilie_pitchmore","working the saws",16
3,"rm_ottilie_wetmarsh_","honey stall on the Market Square",8
3,"rm_ottilie_wickmore_","tailor at Oilcloth & Wool",8
3,"rm_palle_cinderhand_","running The Grayrock Lime Kilns",8
3,"rm_palle_ropeton","stewarding Fellhall",8
3,"rm_piet_cindermore_","works at The Reach Tannery",6
3,"rm_ragnar_millworth_","minding the shop door",6
3,"rm_ragnar_plankgate","serving in the hall",8
3,"rm_runa_gullton_","egg stall on the Market Square",8
3,"rm_runa_rainwick_","works at The Grayrock Lime Kilns",8
3,"rm_rune_brineton_","minding the shop door",6
3,"rm_rune_millworth","runs The Rainwash Smokehouse",8
3,"rm_sigrun_bilgeby","building ships",16
3,"rm_silas_gullley_","works at The Brinewater Sail Loft",4
3,"rm_soren_slagford","keeping the chambers",16
3,"rm_soren_wetcot","stewarding Vesk Manor",8
3,"rm_sten_vesk","running the salt pans",8
3,"rm_tilde_brinestack_","running The Grayrock Arsenal",8
3,"rm_tilde_ropestack_","scribe at Wetink Lane Scriveners",8
3,"rm_tilde_wethand","cooking for the House",16
3,"rm_tobias_grayrock","overseeing the ironworks",16
3,"rm_tove_pitchworth","keeping the inn",8
3,"rm_tove_ropedale","hearing cases",16
3,"rm_ulla_brinedale","cooking for the House",16
3,"rm_una_pitchwell_","runs Greywater Dairy",8
3,"rm_vidar_kelpgate","at the forge",1
3,"rm_vidar_ropewick_","works at The Blue Vats",4
3,"rm_vigdis_millwell_","works at The Reach Tannery",6
3,"rm_wenna_coalwick_","running The South Gate Stables",8
3,"rm_wenna_mudhand_","saddler at Collar and Trace",8
3,"rm_wynn_cinderton","building ships",16
3,"rm_yrsa_mudmarsh","smoking fish",6
3,"rm_yrsa_plankridge","blowing glass",16
3,"rm_yrsa_wickdale","blowing glass",16
3,"rmx_egil_plankridge","lights the lamps at dusk",6
3,"rmx_olaf_cindermarsh_","sweeps and fetches for a shop",8
3,"rmx_pim_dripham_","runs messages about the city",16
3,"rmx_rika_nailcot_","washes linen for hire",16
3,"rmx_runa_ashton_","runs messages about the city",16
3,"rmx_silas_saltstack_","sweeps and fetches for a shop",3
3,"rmx_thyra_greycot_","runs messages about the city",16
3,"roan_","on patrol",16
3,"sage_","debating in the Grand Hall",16
3,"scree_","on patrol",16
3,"sella","drilling in the compound",16
3,"sf_agnese_castellane_","receiving guests",16
3,"sf_agnese_orsotti","saddler at Cuoio Fino",8
3,"sf_agnese_rivale","apothecary at Farmacia della Santa",8
3,"sf_alba_galieri_","guarding the palace",16
3,"sf_alessio_rosandi","helping at Ottone & Rame",16
3,"sf_amedeo_maresi","helping at Penna e Sigillo",8
3,"sf_amedeo_orselli","helping at Dispensa del Porto",5
3,"sf_aurelia_belano","unloading barges",1
3,"sf_aurelio_marucci","presiding over the guild",16
3,"sf_bastiano_orsesi_","serving the household",16
3,"sf_beatrice_orselli","minding the shop door",3
3,"sf_benedetto_albani","celebrating the Mass",16
3,"sf_bruno_lanale","soup stall on the Mercato",8
3,"sf_carlotta_lanano","helping at Seta Fina",16
3,"sf_cassio_di_castellane","attending the court",16
3,"sf_ciro_aldobrandi_","receiving guests",16
3,"sf_ciro_marandi_","keeping the crypt",16
3,"sf_clelia_benano","works at Tintoria Bellandi",4
3,"sf_clelia_coruzzi","helping at La Forgia",16
3,"sf_clelia_orsieri","minding the shop door",6
3,"sf_corrado_marotti_","leading the choir",16
3,"sf_corrado_morone","shopkeeper at The Red Door",8
3,"sf_cosima_ferucci","works at The Royal Arsenal",4
3,"sf_cosima_morucci","holding the east gate",16
3,"sf_cosima_rivelli","running Mulino del Borgo",8
3,"sf_cosimo_casari","mason at Marmi Ferrante",8
3,"sf_cosimo_morone","helping at The Red Door",5
3,"sf_cosimo_orsini","glassblower at Vetro Chiaro",8
3,"sf_dario_rivuzzi","mending nets on the wharf",1
3,"sf_delia_rosetti","minding the shop door",6
3,"sf_donatella_rivari","mending nets on the wharf",1
3,"sf_duccio_coretti_","serving the household",16
3,"sf_duccio_orselli","provisioner at Dispensa del Porto",8
3,"sf_duccio_valmonte_","receiving guests",16
3,"sf_elena_lanucci","minding the shop door",6
3,"sf_elena_rivetti","works at Fonderia delle Campane",4
3,"sf_eliseo_colesi","works at Cartiera Bianca",4
3,"sf_eliseo_salari","works at Carri Galli",4
3,"sf_eliseo_valuzzi","fishmonger at Pesce del Fiume",8
3,"sf_emilia_ferante_","keeping the Chapel Royal",16
3,"sf_emilio_valieri","minding the shop door",6
3,"sf_enzo_casuzzi","cooper at Botti Ferrante",8
3,"sf_enzo_lucenti_","receiving guests",16
3,"sf_fabrizio_benandi","grading fleeces",16
3,"sf_fiora_belieri_","hearing confessions",16
3,"sf_fiora_rivano_","serving the household",16
3,"sf_flavia_corano_","works at Tintoria Bellandi",4
3,"sf_flavia_ferotti","works at Carri Galli",4
3,"sf_flavia_galone","minding the shop door",6
3,"sf_gemma_belini_","polishing the throne room",16
3,"sf_gemma_corieri","running Carri Galli",8
3,"sf_gemma_salieri","unloading barges",1
3,"sf_gemma_valieri","helping at Mappe del Fiume",8
3,"sf_gemma_venale","minding the shop door",6
3,"sf_giacomo_ferale_","keeping the royal apartments",16
3,"sf_gino_casandi_","guarding the palace",16
3,"sf_giulia_colari","tallying barges",16
3,"sf_gualtiero_colini","running Fonderia delle Campane",8
3,"sf_gualtiero_rosetti","moneychanger at The Bank of the Red Roof",8
3,"sf_ilaria_palale_","gossiping at court",16
3,"sf_ilario_coluzzi_","attending the Queen",16
3,"sf_ilario_morieri","helping at Erbe di Campo",8
3,"sf_isotta_nerale","on patrol",16
3,"sf_isotta_palucci","helping at Profumi Lucenti",8
3,"sf_isotta_salandi","works at The Royal Arsenal",4
3,"sf_lapo_casuzzi","helping at Botti Ferrante",8
3,"sf_lapo_orsenna_","receiving guests",16
3,"sf_lapo_salesi","painting on the cathedral square",16
3,"sf_lavinia_belale","works at Fonderia delle Campane",4
3,"sf_lavinia_nerandi","helping at Armeria del Leone",8
3,"sf_leandro_valucci_","serving the household",16
3,"sf_livia_di_castellane","receiving at court",16
3,"sf_livia_galante_","announcing the court",16
3,"sf_livia_lanotti_","guarding the palace",16
3,"sf_livia_torandi","porridge stall on the Mercato",8
3,"sf_livia_venucci","minding the shop door",6
3,"sf_loretta_colotti_","guarding the palace",16
3,"sf_loretta_valesi_","keeping the guild books",16
3,"sf_lucia_colone_","arguing the price of wool",16
3,"sf_lucia_nerucci","on patrol",16
3,"sf_mafalda_lucenti_","receiving guests",16
3,"sf_mafalda_marenzi_","receiving guests",16
3,"sf_mafalda_morotti","running Tintoria Bellandi",8
3,"sf_mafalda_palari_","serving the household",16
3,"sf_marcello_galuzzi","helping at Il Forno d'Oro",8
3,"sf_marcello_morandi","running The Royal Arsenal",8
3,"sf_marcello_palucci","perfumer at Profumi Lucenti",8
3,"sf_marcello_venale","helping at Bottega del Legno",8
3,"sf_marzia_ferini_","serving the royal table",16
3,"sf_marzia_orsenna_","receiving guests",16
3,"sf_marzia_rivucci_","nursing the sick",16
3,"sf_matteo_lanante","runs Il Mulino Dairy",8
3,"sf_matteo_orsieri","butcher at Macelleria Rossi",8
3,"sf_matteo_salini","keeps the water mill at La Riva",8
3,"sf_matteo_valari","brewer at The Poggio Chiaro Press",8
3,"sf_mirella_rosotti_","lighting the candles",16
3,"sf_nico_lanini_","serving the household",16
3,"sf_nives_morini_","commanding the palace guard",16
3,"sf_nives_salelli","on night patrol",16
3,"sf_noemi_lanetti_","serving the household",16
3,"sf_noemi_valmonte_","receiving guests",16
3,"sf_orsino_belante","on patrol",16
3,"sf_orsola_marano","on night patrol",16
3,"sf_ottavia_lanza","hearing petitions",16
3,"sf_ottavia_maruzzi","works at Mulino del Borgo",8
3,"sf_ottavia_nerari","on patrol",16
3,"sf_ottone_marenzi_","receiving guests",16
3,"sf_paola_rosieri","hauling for the warehouses",1
3,"sf_pasquale_torone_","serving the household",16
3,"sf_perla_belucci","on patrol",16
3,"sf_piero_darotti_","guarding the palace",16
3,"sf_piero_morone","minding the shop door",3
3,"sf_primo_benale_","cooking for the palace",8
3,"sf_raffaele_rosetti","runs The Prato Verde Smokehouse",8
3,"sf_renata_galini","works at Cartiera Bianca",4
3,"sf_renata_salini","weaver at Tessitura Bellandi",8
3,"sf_renzo_corucci","running La Concia",8
3,"sf_rocco_morano","keeping the inn",8
3,"sf_rocco_orsini","minding the shop door",6
3,"sf_rosalba_belotti_","attending the King",16
3,"sf_salvatore_orsone","running Cartiera Bianca",8
3,"sf_serafina_aldobrandi_","receiving guests",16
3,"sf_serafina_ferelli_","running errands for the household",4
3,"sf_serafina_lanone","commanding the city guard",16
3,"sf_serafina_maresi","minding the shop door",6
3,"sf_sveva_galucci","unloading barges",1
3,"sf_taddeo_paluzzi","unloading barges",1
3,"sf_teodora_venone_","serving the household",16
3,"sf_teodoro_palone","running The East Gate Stables",8
3,"sf_tommaso_benini_","serving the household",16
3,"sf_tommaso_darandi_","serving the household",16
3,"sf_tullia_darari_","nursing the sick",16
3,"sf_umberto_maresi","minding the shop door",6
3,"sf_umberto_marieri","on night patrol",16
3,"sf_valeria_toruzzi_","scrubbing the kitchens",4
3,"sf_valerio_casieri","running The Red Tile Works",8
3,"sf_valerio_nerandi","armourer at Armeria del Leone",8
3,"sf_vasco_casotti_","runs Santa Lucia Dairy",8
3,"sf_vasco_castellane_","receiving guests",16
3,"sf_viola_darieri_","serving the household",16
3,"sf_viola_galano","mending nets on the wharf",1
3,"sf_vittore_nerone","holding the north gate",16
3,"sf_vittoria_torucci_","copying the chapter's books",16
3,"sfx_fausto_orsini","works at The La Riva Water Mill",8
3,"sfx_manfredi_pallotta","sweeps and fetches for a shop",8
3,"skye_","holding the south gate",16
3,"sloe","presiding over the Concord",16
3,"tansy","keeping the training stores",16
3,"tarn_","holding the south gate",16
3,"thief","working",8
3,"thistle_","on watch",16
3,"thorn_screebark_","mending the old wall",8
3,"tn_ac_bramble_gatewright","stands watch",16
3,"tn_ac_elm_crosswright","minds the shop's door",6
3,"tn_ac_flint_milestone","tends the carters' beasts",16
3,"tn_ac_gale_crossley","works at The Wheelwright's Yard",8
3,"tn_ac_heath_wheelmark","tends the carters' beasts",16
3,"tn_ac_holly_gatepost","loads the caravan wagons",16
3,"tn_ac_mara_dustcote","helps at Waystation Stores",16
3,"tn_ac_quarry_gatepost","loads the caravan wagons",16
3,"tn_ac_quill_tollwell","helps at The Gate Forge",8
3,"tn_ac_ridge_mileward","keeps The Caravan Shed",16
3,"tn_ac_ridge_waymark","helps at The Trace and Collar",8
3,"tn_ac_rowan_cartpost","stands watch",16
3,"tn_ac_stone_wayrun","works at The Wheelwright's Yard",8
3,"tn_ac_varg_mileward","loads the caravan wagons",16
3,"tn_ac_wald_tollwell","minds the shop's door",6
3,"tn_af_brand_strawacre","keeps the ford toll",16
3,"tn_af_edric_sheaffield_","helps at Amberford Goods",16
3,"tn_af_fallow_grainford_","minds the shop's door",12
3,"tn_af_frey_wheatmow_","stands watch",16
3,"tn_af_ivy_furrowstook_","keeps The Grain Barn",16
3,"tn_af_ivy_strawacre_","grinds at the ford mill",8
3,"tn_af_nell_furrowmow_","helps at The Amber Loaf",8
3,"tn_af_tor_goldstead_","stands watch",16
3,"tn_af_umber_wheatley_","helps at Amberford Cooperage",12
3,"tn_af_varg_harrowford","works at The Ford Mill",9
3,"tn_af_yarrow_furrowstook_","keeps The Harvest Chapel",16
3,"tn_cb_brock_rustvein_","keeps The Shrine of the Iron Saint",16
3,"tn_cb_fern_slaghollow_","helps at Cinderbrook Forge",3
3,"tn_cb_flint_rustvein_","healer",16
3,"tn_cb_hob_ashshaft_","stands watch",16
3,"tn_cb_nettle_rusthollow_","helps at The Lamp and Wick",1
3,"tn_cb_opal_ironvein_","stands watch",16
3,"tn_cb_pell_emberpit_","helps at The Red Door Store",16
3,"tn_df_edric_darkguard_","stands watch",16
3,"tn_df_garth_blackwatch_","stands watch",16
3,"tn_df_heath_nightward_","garrison cook",16
3,"tn_df_holt_blackward_","stands watch",16
3,"tn_df_holt_deepward_","minds the shop's door",12
3,"tn_df_iris_grimhold_","stands watch",16
3,"tn_df_rusk_nightguard_","commands the garrison",16
3,"tn_df_thistle_deepward_","helps at The Silent Forge",16
3,"tn_fh_dray_bogmoor_","stands watch",16
3,"tn_fh_dun_peatlode_","helps at Bogmyrtle's",8
3,"tn_fh_fern_damplode_","helps at The Marsh Apothecary",8
3,"tn_fh_flint_reedmere_","serves at The Peat Fire",8
3,"tn_fh_harrow_peathollow_","helps at Fenhollow Store",8
3,"tn_fh_ivy_dampditch_","stands watch",16
3,"tn_fh_juniper_reedcarr_","helps at The Bog Iron Forge",16
3,"tn_fh_knap_peatditch_","keeps The Stilt Chapel",16
3,"tn_fh_marl_damplode_","minds the shop's door",6
3,"tn_fh_rusk_reedcarr_","minds the shop's door",12
3,"tn_fh_thorn_peatcarr_","helps at The Mossloaf Bakery",8
3,"tn_hm_ash_hedgemere","helps at The Valley Oven",8
3,"tn_hm_drift_hollowside","helps at Valley Remedies",8
3,"tn_hm_reed_valemere","helps at The Hollowmere Shop",16
3,"tn_if_alder_greywall_","helps at The Isle Forge",16
3,"tn_if_bramble_greykeep_","garrison cook",16
3,"tn_if_eskar_islewall_","stands watch",16
3,"tn_if_harrow_towerguard_","stands watch",16
3,"tn_if_holt_merewatch_","minds the shop's door",10
3,"tn_if_iris_moatward_","stands watch",16
3,"tn_if_isla_moatwall_","stands watch",16
3,"tn_if_nettle_mereguard_","commands the garrison",16
3,"tn_if_thistle_greywall_","minds the shop's door",12
3,"tn_if_wolde_merewatch_","helps at The Armoury",14
3,"tn_ls_aster_merereach_","stands watch",16
3,"tn_ls_briar_stillside_","helps at Lakeside Goods",14
3,"tn_ls_brisk_poolhythe","works at The Mirrormere Smokehouse",8
3,"tn_ls_fern_eelford","healer",16
3,"tn_ls_frey_stillside_","minds the shop's door",11
3,"tn_ls_heath_oarwade_","stands watch",16
3,"tn_ls_hob_oarmere","works at The Mirrormere Smokehouse",8
3,"tn_ls_ingram_pikemere_","helps at Netmaker's Loft",8
3,"tn_ls_opal_mistmere_","helps at The Boatwright's",16
3,"tn_ls_slate_eelford","keeps The Mere Chapel",16
3,"tn_ls_varg_willowhythe_","minds the shop's door",12
3,"tn_nf_corrie_rimeward","stands watch",16
3,"tn_nf_dun_frostward","stands watch",16
3,"tn_nf_eskar_frosthold","works at The North Arsenal",8
3,"tn_nf_holly_bleakguard","works at The North Arsenal",8
3,"tn_nf_holly_rimeguard","minds the shop's door",12
3,"tn_nf_odo_rimehelm","commands the garrison",16
3,"tn_nf_yarrow_craghold","garrison cook",16
3,"tn_sr_bram_greycove","helps at Gullwharf Fish",8
3,"tn_sr_brand_shinglewater","stands watch",16
3,"tn_sr_dray_tidemouth","minds the shop's door",6
3,"tn_sr_jory_tidemouth","helps at The Barrel Yard",8
3,"tn_sr_kestrel_soundwater","works at The Saltreach Pans",8
3,"tn_sr_kindle_kelpline","works at The Gullwharf Smokehouse",8
3,"tn_sr_lark_shingleshore","works at The Saltreach Pans",8
3,"tn_sr_marl_kelpcove","stands watch",16
3,"tn_sr_nab_wrackshore","helps at The Anchor Smithy",16
3,"tn_sr_orrin_greymouth","works at The Gullwharf Smokehouse",8
3,"tn_sr_thorn_tideline","keeps The Tide Chapel",16
3,"tn_sr_tor_tideline","keeps The Salt House",16
3,"tn_wm_ash_thornwell","keeps The Granary",16
3,"tn_wm_bramble_westfold","stands watch",16
3,"tn_wm_frey_larkacre","helps at The Hide Yard",8
3,"tn_wm_hob_thornlea","stands watch",16
3,"tn_wm_holly_sheepridge","helps at Drover's Block",16
3,"tn_wm_holt_barrowmarch","helps at Downland Wool",8
3,"tn_wm_isla_westridge","drives cattle to market",16
3,"tn_wm_knap_barrowacre","drives cattle to market",16
3,"tn_wm_linden_woldfold","helps at Westmarch Mercantile",16
3,"tn_wm_orrin_haybarrow","minds the shop's door",6
3,"tn_wm_quill_haybarrow","minds the shop's door",6
3,"tn_wm_vetch_thornwell","keeps The Down Chapel",16
3,"uax_ash_cragfoot_","carries loads for hire",10
3,"uax_birch_frostwell_","sweeps and fetches for a shop",16
3,"uax_brock_ashsong_","washes linen for hire",10
3,"uax_brock_bramblefoot_","lights the lamps at dusk",8
3,"uax_drift_birchhowl_","washes linen for hire",10
3,"uax_elm_stormcoat_","carries loads for hire",10
3,"uax_gorse_mosscoat_","runs messages about the city",12
3,"uax_heath_mossborn_","washes linen for hire",12
3,"uax_heather_birchhowl_","carries loads for hire",16
3,"uax_heather_snowfoot_","washes linen for hire",16
3,"uax_hob_brackenrun_","lights the lamps at dusk",8
3,"uax_ingram_greymantle_","carries loads for hire",6
3,"uax_ivy_stonecoat_","washes linen for hire",10
3,"uax_juniper_heathheart_","runs messages about the city",8
3,"uax_juniper_tarnmoor_","runs messages about the city",16
3,"uax_kestrel_windmere_","washes linen for hire",10
3,"uax_kindle_ashwalker_","washes linen for hire",16
3,"uax_ludo_dusksong_","washes linen for hire",10
3,"uax_mara_oakridge_","washes linen for hire",8
3,"uax_nokk_ironbark_","lights the lamps at dusk",8
3,"uax_pell_frostback_","carries loads for hire",10
3,"uax_sella_heathrow_","runs messages about the city",10
3,"uax_sella_mistvale_","washes linen for hire",12
3,"uax_vale_pinecrest_","carries loads for hire",10
3,"uax_vesper_frostborn_","lights the lamps at dusk",8
3,"uax_wisp_duskfell_","sweeps and fetches for a shop",16
3,"uax_yarrow_mossborn_","washes linen for hire",12
3,"umber_ashsong_","hauling crates",16
3,"willa","advising the leader",1
3,"willa_fallowmark_","tending the hurt",16
3,"wisp_","reading in the deep archive",16
3,"wolde","training",8
3,"wren_","holding the main gate",16
4,"alder_coldborn_","helping at The Tight Weft",8
4,"alder_hollowfang_","helping at The Stretched Hide",8
4,"ash_","leading the Warden Order",15
4,"ash_duskhide_","helping at The Cold Hammer",16
4,"aster_marshbark_","copying the city rolls",14
4,"aster_slateclaw_","helping at Needle & Nap",16
4,"bramble_","debating in the Grand Hall",12
4,"brand","holding the stair gate",16
4,"briar","training",14
4,"briar_brackenrun_","selling from a plaza stall",16
4,"briar_stormfang_","helping at Pinecut Joinery",8
4,"brisk_","coaching at the archery range",15
4,"brock","on night patrol",16
4,"brock_coldborn_","helping at The Tight Weft",8
4,"clover","training",14
4,"dawn","tending the scroll vaults",13
4,"dawn_greyhide_","helping at The Straight Shaft",8
4,"dray","holding the main gate",16
4,"dray_hollowfang_","helping at The Stretched Hide",9
4,"drift_frostwalker_","helping at Morning Rise Ovens",16
4,"dun_","running sparring bouts",15
4,"dun_pinewell_","copying the city rolls",14
4,"elm_coldborn_","helping at The Tight Weft",8
4,"elm_pinevale_","helping at Ridgeline Maps",8
4,"eskar_","on night patrol",16
4,"fallow","debating in the Grand Hall",12
4,"fell_","drilling trainees on the square",15
4,"fern_","holding the stair gate",16
4,"fern_frostmark_","helping at Cinderpaw Forge",16
4,"fern_greybark_","helping at Clayfoot Wares",8
4,"gorse_","running the obstacle course",15
4,"grist_hollowmere_","helping at Greywall Goods",16
4,"harl_mossmere_","helping at Timberline Carpentry",8
4,"harrow","hearing petitions",13
4,"hazel","advising the leader",8
4,"heath_","training",14
4,"heather","on night watch",16
4,"holly_","on patrol",16
4,"ind_briar_smeltshaft","works at The Cinderbrook Smelter",1
4,"ind_harl_cinderbrook","works at The Cinderbrook Smelter",1
4,"ingram_","training",14
4,"ingram_harrowgate_","tending the sick",16
4,"isla","on watch",16
4,"ivy_pinewalker_","tending the sick",16
4,"jarl","on watch",16
4,"jessamy","keeping the Annex",14
4,"kell","carrying messages for the Concord",13
4,"kell_ashfall_","hauling crates",14
4,"kestrel_","hearing petitions",13
4,"kindle","training",14
4,"kindle_frostfoot_","selling from a plaza stall",16
4,"kite","shelving in the upper stacks",14
4,"knap_","on watch",16
4,"lark_","keeping the chapel",16
4,"laurel","drilling in the compound",15
4,"laurel_ashwalker","helping at The Gatehouse Inn",8
4,"loam_","drilling in the compound",15
4,"marsh","on patrol",16
4,"moor","drilling in the compound",15
4,"moss_","on patrol",16
4,"myrtle","on night watch",16
4,"nell","training",15
4,"nettle_ironbark_","drawing water at the plaza well",16
4,"nightjar_","keeping the crypt library",16
4,"nightjar_windhollow_","tallying stores",13
4,"nokk_","hearing petitions",12
4,"oak_","on night patrol",16
4,"orrin","carrying messages for the Concord",13
4,"quarry","training",15
4,"ridge","advising the leader",7
4,"ridge_mossborn_","minding the stores",14
4,"rm_ada_brineford","smoking fish",6
4,"rm_aldric_mudhand_","helping at Collar and Trace",8
4,"rm_ansel_brinewick","blowing glass",16
4,"rm_arne_brinewell_","running The Fell Wagon Yard",8
4,"rm_aud_rustford_","running The Vesk Salt Pans",8
4,"rm_beatha_rainmore_","helping at Greywool",8
4,"rm_beatha_saltley","keeping the chambers",16
4,"rm_berit_plankworth_","holding the south gate",16
4,"rm_bertil_fogwick","stewarding Grayrock Hall",8
4,"rm_bertil_millwick","keeping the chambers",16
4,"rm_bertil_pitchgate","building ships",16
4,"rm_bertil_wetridge_","helping at The Hook and Cleaver",16
4,"rm_bo_gullstack","foreman of the quarry",16
4,"rm_brand_mudstack","at the forge",1
4,"rm_brand_saltwell_","holding the quay gate",16
4,"rm_bryn_coalwell","working the saws",16
4,"rm_bryn_kelpridge","boiling rags",16
4,"rm_bryn_plankham_","on night patrol",16
4,"rm_caspar_greyley","working the saws",16
4,"rm_clemence_slagcot","keeping order in court",16
4,"rm_corra_wickby_","commanding the Watch",16
4,"rm_corwin_coalley_","on patrol",16
4,"rm_corwin_pitchley_","works at The Rag Mill",4
4,"rm_corwin_ropestack_","helping at Wetink Lane Scriveners",8
4,"rm_corwin_rustham","serving in the hall",8
4,"rm_dagfinn_ashmore","smoking fish",6
4,"rm_dagny_kelpmore_","running The Reach Tannery",8
4,"rm_dirk_brinecot_","works at The Blue Vats",4
4,"rm_dirk_dripford","keeping the gaol",16
4,"rm_dirk_sootham_","armourer at The Rivet and Rain",8
4,"rm_disa_gullhand_","works at Old Mother Tannery",4
4,"rm_dunstan_wickworth_","minding the shop door",12
4,"rm_ebba_bilgeworth_","running The Blue Vats",8
4,"rm_edda_rainby_","running The Rag Mill",8
4,"rm_edric_ashcombe","working the glass himself",16
4,"rm_edric_pitchton_","running The Ashcombe Tileworks",8
4,"rm_egil_coalmore_","works at The Fell Wagon Yard",6
4,"rm_egil_fogton_","helping at Grist & Crust",8
4,"rm_egil_wickham_","holding the east gate",16
4,"rm_emmerich_foghand","serving in the hall",8
4,"rm_emmerich_wetridge_","minding the shop door",12
4,"rm_erland_sootham_","minding the shop door",3
4,"rm_finn_ashridge_","smith at Nailers' Forge",2
4,"rm_frida_millby","cooking for the House",8
4,"rm_gerrit_kelpley_","works at The Fell Wagon Yard",6
4,"rm_gorm_coalstack_","running The Reach Foundry",2
4,"rm_gorm_kelpcot","tallying the Houses' dues",16
4,"rm_greta_greymore_","works at The Ashcombe Tileworks",4
4,"rm_grete_mudton_","minding the shop door",6
4,"rm_grete_slagton_","works at The Brinewater Sail Loft",4
4,"rm_gudrun_bilgeham","building ships",16
4,"rm_gudrun_dripham","stewarding Ashcombe House",8
4,"rm_gudrun_fell","keeping the Fell accounts",8
4,"rm_hakon_mudton_","brewer at The Black Tun",8
4,"rm_hakon_pitchstack","keeping the chambers",16
4,"rm_halvard_pitchwell_","minding the shop door",6
4,"rm_hilde_kelpworth_","running The Brinewater Sail Loft",8
4,"rm_hjalte_rustworth","working the saws",16
4,"rm_hjalte_saltgate_","chandler at Wickham's Chandlery",8
4,"rm_hollis_bilgewick","tending the sick",16
4,"rm_hollis_wickworth_","helping at Sump Sundries",16
4,"rm_ilse_greyby_","helping at Harbour Provisions",16
4,"rm_ingrid_grayrock","at her lessons in the Hall",16
4,"rm_ingrid_tarcot_","running Old Mother Tannery",8
4,"rm_isolde_tarwick","presiding over the Council",16
4,"rm_ivo_dripgate_","works at The Grayrock Arsenal",4
4,"rm_ivo_pitchby_","works at The Grayrock Arsenal",4
4,"rm_ivo_wickridge","smoking fish",6
4,"rm_jarl_coalworth","smoking fish",6
4,"rm_jarl_gullmarsh_","pickle stall on the Market Square",8
4,"rm_jasper_sootton_","works at The Rag Mill",4
4,"rm_kari_cindermarsh_","on night patrol",16
4,"rm_kari_millham_","minding the shop door",6
4,"rm_karin_mudham_","fish stall on the Market Square",8
4,"rm_kjell_plankstack","copying the rolls",16
4,"rm_knut_rainley_","helping at The Pawn and Ledger",8
4,"rm_lars_rainford_","on patrol",16
4,"rm_lars_sootham_","minding the shop door",3
4,"rm_leif_mudcot_","helping at The Wet Slab",4
4,"rm_lothar_ashdale_","works at The Vesk Salt Pans",6
4,"rm_lothar_brineridge","cooking for the House",8
4,"rm_lotte_brinemarsh","serving in the hall",8
4,"rm_lotte_gullcot_","nut stall on the Market Square",8
4,"rm_magnus_mudgate","working the saws",16
4,"rm_magnus_sootham_","helping at The Rivet and Rain",6
4,"rm_magnus_vesk","counting the catch",6
4,"rm_maren_fogton_","baker at Grist & Crust",8
4,"rm_maren_ropewell","keeping the chapel",16
4,"rm_maren_tarworth","serving in the hall",8
4,"rm_moll_rustby_","on patrol",16
4,"rm_nan_brineworth_","works at The Ashcombe Tileworks",4
4,"rm_nan_rainton","keeping the chambers",16
4,"rm_nessa_brinewater","learning the shipyard",16
4,"rm_nils_wickley_","on patrol",16
4,"rm_njal_fogdale","weighing bales",16
4,"rm_oda_greyford_","works at Old Mother Tannery",4
4,"rm_oda_rustwell","taxing the cargoes",16
4,"rm_olaf_wetworth","stewarding Brinewater House",8
4,"rm_orm_nailley","cooking for the House",16
4,"rm_oskar_muddale","keeping the harbour",16
4,"rm_osric_dripcot_","works at The Vesk Salt Pans",6
4,"rm_ottilie_pitchmore","working the saws",16
4,"rm_ottilie_wetmarsh_","honey stall on the Market Square",8
4,"rm_ottilie_wickmore_","tailor at Oilcloth & Wool",8
4,"rm_palle_cinderhand_","running The Grayrock Lime Kilns",8
4,"rm_palle_ropeton","stewarding Fellhall",8
4,"rm_piet_cindermore_","works at The Reach Tannery",6
4,"rm_ragnar_millworth_","minding the shop door",6
4,"rm_ragnar_plankgate","serving in the hall",8
4,"rm_runa_gullton_","egg stall on the Market Square",8
4,"rm_runa_rainwick_","works at The Grayrock Lime Kilns",8
4,"rm_rune_brineton_","minding the shop door",6
4,"rm_rune_millworth","runs The Rainwash Smokehouse",8
4,"rm_sigrun_bilgeby","building ships",16
4,"rm_silas_gullley_","works at The Brinewater Sail Loft",4
4,"rm_soren_slagford","keeping the chambers",16
4,"rm_soren_wetcot","stewarding Vesk Manor",8
4,"rm_sten_vesk","running the salt pans",8
4,"rm_tilde_brinestack_","running The Grayrock Arsenal",8
4,"rm_tilde_ropestack_","scribe at Wetink Lane Scriveners",8
4,"rm_tilde_wethand","cooking for the House",16
4,"rm_tobias_grayrock","overseeing the ironworks",16
4,"rm_tove_pitchworth","keeping the inn",8
4,"rm_tove_ropedale","hearing cases",16
4,"rm_ulla_brinedale","cooking for the House",16
4,"rm_una_pitchwell_","runs Greywater Dairy",8
4,"rm_vidar_kelpgate","at the forge",1
4,"rm_vidar_ropewick_","works at The Blue Vats",4
4,"rm_vigdis_millwell_","works at The Reach Tannery",6
4,"rm_wenna_coalwick_","running The South Gate Stables",8
4,"rm_wenna_mudhand_","saddler at Collar and Trace",8
4,"rm_wynn_cinderton","building ships",16
4,"rm_yrsa_mudmarsh","smoking fish",6
4,"rm_yrsa_plankridge","blowing glass",16
4,"rm_yrsa_wickdale","blowing glass",16
4,"rmx_egil_plankridge","lights the lamps at dusk",8
4,"rmx_olaf_cindermarsh_","sweeps and fetches for a shop",8
4,"rmx_pim_dripham_","runs messages about the city",16
4,"rmx_rika_nailcot_","washes linen for hire",16
4,"rmx_runa_ashton_","runs messages about the city",16
4,"rmx_silas_saltstack_","sweeps and fetches for a shop",3
4,"rmx_thyra_greycot_","runs messages about the city",16
4,"roan_","on patrol",16
4,"sage_","debating in the Grand Hall",12
4,"sella","drilling in the compound",15
4,"sf_achille_rivante","hauling for the warehouses",1
4,"sf_agnese_castellane_","receiving guests",16
4,"sf_agnese_orsotti","saddler at Cuoio Fino",8
4,"sf_agnese_rivale","apothecary at Farmacia della Santa",8
4,"sf_alba_galieri_","guarding the palace",16
4,"sf_alessio_rosandi","helping at Ottone & Rame",16
4,"sf_amedeo_maresi","helping at Penna e Sigillo",8
4,"sf_amedeo_orselli","helping at Dispensa del Porto",5
4,"sf_aurelia_belano","unloading barges",1
4,"sf_aurelio_marucci","presiding over the guild",16
4,"sf_bastiano_orsesi_","serving the household",16
4,"sf_beatrice_orselli","minding the shop door",3
4,"sf_benedetto_albani","celebrating the Mass",16
4,"sf_bruno_lanale","soup stall on the Mercato",8
4,"sf_carlotta_lanano","helping at Seta Fina",8
4,"sf_cassio_di_castellane","attending the court",16
4,"sf_ciro_aldobrandi_","receiving guests",16
4,"sf_ciro_marandi_","keeping the crypt",16
4,"sf_clelia_benano","works at Tintoria Bellandi",4
4,"sf_clelia_coruzzi","helping at La Forgia",16
4,"sf_clelia_orsieri","minding the shop door",6
4,"sf_corrado_marotti_","leading the choir",16
4,"sf_corrado_morone","shopkeeper at The Red Door",8
4,"sf_cosima_ferucci","works at The Royal Arsenal",4
4,"sf_cosima_morucci","holding the east gate",16
4,"sf_cosima_rivelli","running Mulino del Borgo",8
4,"sf_cosimo_casari","mason at Marmi Ferrante",8
4,"sf_cosimo_morone","helping at The Red Door",5
4,"sf_cosimo_orsini","glassblower at Vetro Chiaro",8
4,"sf_dario_rivuzzi","mending nets on the wharf",1
4,"sf_delia_rosetti","minding the shop door",6
4,"sf_duccio_coretti_","serving the household",16
4,"sf_duccio_orselli","provisioner at Dispensa del Porto",8
4,"sf_duccio_valmonte_","receiving guests",16
4,"sf_elena_lanucci","minding the shop door",6
4,"sf_elena_rivetti","works at Fonderia delle Campane",3
4,"sf_eliseo_colesi","works at Cartiera Bianca",4
4,"sf_eliseo_salari","works at Carri Galli",4
4,"sf_eliseo_valuzzi","fishmonger at Pesce del Fiume",8
4,"sf_emilia_ferante_","keeping the Chapel Royal",16
4,"sf_emilio_valieri","minding the shop door",6
4,"sf_enzo_casuzzi","cooper at Botti Ferrante",8
4,"sf_enzo_lucenti_","receiving guests",16
4,"sf_fabrizio_benandi","grading fleeces",16
4,"sf_fiora_belieri_","hearing confessions",16
4,"sf_fiora_rivano_","serving the household",16
4,"sf_flavia_corano_","works at Tintoria Bellandi",4
4,"sf_flavia_ferotti","works at Carri Galli",4
4,"sf_flavia_galone","minding the shop door",6
4,"sf_gemma_belini_","polishing the throne room",16
4,"sf_gemma_corieri","running Carri Galli",8
4,"sf_gemma_salieri","unloading barges",1
4,"sf_gemma_valieri","helping at Mappe del Fiume",8
4,"sf_gemma_venale","minding the shop door",6
4,"sf_giacomo_ferale_","keeping the royal apartments",16
4,"sf_gino_casandi_","guarding the palace",16
4,"sf_giulia_colari","tallying barges",16
4,"sf_gualtiero_colini","running Fonderia delle Campane",8
4,"sf_gualtiero_rosetti","moneychanger at The Bank of the Red Roof",8
4,"sf_ilaria_palale_","gossiping at court",16
4,"sf_ilario_coluzzi_","attending the Queen",16
4,"sf_ilario_morieri","helping at Erbe di Campo",8
4,"sf_isotta_nerale","on patrol",16
4,"sf_isotta_palucci","helping at Profumi Lucenti",8
4,"sf_isotta_salandi","works at The Royal Arsenal",4
4,"sf_lapo_casuzzi","helping at Botti Ferrante",8
4,"sf_lapo_orsenna_","receiving guests",16
4,"sf_lapo_salesi","painting on the cathedral square",16
4,"sf_lavinia_belale","works at Fonderia delle Campane",5
4,"sf_lavinia_nerandi","helping at Armeria del Leone",8
4,"sf_leandro_valucci_","serving the household",16
4,"sf_livia_di_castellane","receiving at court",16
4,"sf_livia_galante_","announcing the court",16
4,"sf_livia_lanotti_","guarding the palace",16
4,"sf_livia_torandi","porridge stall on the Mercato",8
4,"sf_livia_venucci","minding the shop door",6
4,"sf_loretta_colotti_","guarding the palace",16
4,"sf_loretta_valesi_","keeping the guild books",16
4,"sf_lucia_colone_","arguing the price of wool",16
4,"sf_lucia_nerucci","on patrol",16
4,"sf_mafalda_lucenti_","receiving guests",16
4,"sf_mafalda_marenzi_","receiving guests",16
4,"sf_mafalda_morotti","running Tintoria Bellandi",8
4,"sf_mafalda_palari_","serving the household",16
4,"sf_marcello_galuzzi","helping at Il Forno d'Oro",8
4,"sf_marcello_morandi","running The Royal Arsenal",8
4,"sf_marcello_palucci","perfumer at Profumi Lucenti",8
4,"sf_marcello_venale","helping at Bottega del Legno",8
4,"sf_marzia_ferini_","serving the royal table",16
4,"sf_marzia_orsenna_","receiving guests",16
4,"sf_marzia_rivucci_","nursing the sick",16
4,"sf_matteo_lanante","runs Il Mulino Dairy",8
4,"sf_matteo_orsieri","butcher at Macelleria Rossi",8
4,"sf_matteo_salini","keeps the water mill at La Riva",8
4,"sf_matteo_valari","brewer at The Poggio Chiaro Press",8
4,"sf_mauro_orsotti","runs The Le Api Brickworks",8
4,"sf_mirella_rosotti_","lighting the candles",16
4,"sf_nico_lanini_","serving the household",16
4,"sf_nives_morini_","commanding the palace guard",16
4,"sf_nives_salelli","on night patrol",16
4,"sf_noemi_lanetti_","serving the household",16
4,"sf_noemi_valmonte_","receiving guests",16
4,"sf_orsino_belante","on patrol",16
4,"sf_orsola_marano","on night patrol",16
4,"sf_ottavia_lanza","hearing petitions",16
4,"sf_ottavia_maruzzi","works at Mulino del Borgo",8
4,"sf_ottavia_nerari","on patrol",16
4,"sf_ottone_marenzi_","receiving guests",16
4,"sf_paola_rosieri","hauling for the warehouses",1
4,"sf_pasquale_torone_","serving the household",16
4,"sf_perla_belucci","on patrol",16
4,"sf_piero_darotti_","guarding the palace",16
4,"sf_piero_morone","minding the shop door",3
4,"sf_primo_benale_","cooking for the palace",8
4,"sf_raffaele_rosetti","runs The Prato Verde Smokehouse",8
4,"sf_renata_galini","works at Cartiera Bianca",4
4,"sf_renata_salini","weaver at Tessitura Bellandi",8
4,"sf_renzo_corucci","running La Concia",8
4,"sf_rocco_morano","keeping the inn",8
4,"sf_rocco_orsini","minding the shop door",6
4,"sf_rosalba_belotti_","attending the King",16
4,"sf_salvatore_orsone","running Cartiera Bianca",8
4,"sf_serafina_aldobrandi_","receiving guests",16
4,"sf_serafina_ferelli_","running errands for the household",4
4,"sf_serafina_lanone","commanding the city guard",16
4,"sf_serafina_maresi","minding the shop door",6
4,"sf_sveva_galucci","unloading barges",1
4,"sf_taddeo_paluzzi","unloading barges",1
4,"sf_teodora_venone_","serving the household",16
4,"sf_teodoro_palone","running The East Gate Stables",8
4,"sf_tommaso_benini_","serving the household",16
4,"sf_tommaso_darandi_","serving the household",16
4,"sf_tullia_darari_","nursing the sick",16
4,"sf_umberto_maresi","minding the shop door",6
4,"sf_umberto_marieri","on night patrol",16
4,"sf_valeria_toruzzi_","scrubbing the kitchens",4
4,"sf_valerio_casieri","running The Red Tile Works",8
4,"sf_valerio_nerandi","armourer at Armeria del Leone",8
4,"sf_vasco_casotti_","runs Santa Lucia Dairy",8
4,"sf_vasco_castellane_","receiving guests",16
4,"sf_viola_darieri_","serving the household",16
4,"sf_viola_galano","mending nets on the wharf",1
4,"sf_vittore_nerone","holding the north gate",16
4,"sf_vittoria_torucci_","copying the chapter's books",16
4,"sfx_fausto_orsini","works at The La Riva Water Mill",8
4,"sfx_manfredi_pallotta","sweeps and fetches for a shop",8
4,"skye_","holding the south gate",16
4,"sloe","presiding over the Concord",12
4,"tansy","keeping the training stores",16
4,"tarn_","holding the south gate",16
4,"thief","working",13
4,"thistle_","on watch",16
4,"thorn_screebark_","mending the old wall",16
4,"tn_ac_bramble_gatewright","stands watch",16
4,"tn_ac_elm_crosswright","minds the shop's door",6
4,"tn_ac_flint_milestone","tends the carters' beasts",16
4,"tn_ac_gale_crossley","works at The Wheelwright's Yard",8
4,"tn_ac_heath_wheelmark","tends the carters' beasts",16
4,"tn_ac_holly_gatepost","loads the caravan wagons",16
4,"tn_ac_mara_dustcote","helps at Waystation Stores",16
4,"tn_ac_quarry_gatepost","loads the caravan wagons",16
4,"tn_ac_quill_tollwell","helps at The Gate Forge",8
4,"tn_ac_ridge_mileward","keeps The Caravan Shed",16
4,"tn_ac_ridge_waymark","helps at The Trace and Collar",8
4,"tn_ac_rowan_cartpost","stands watch",16
4,"tn_ac_stone_wayrun","works at The Wheelwright's Yard",8
4,"tn_ac_varg_mileward","loads the caravan wagons",16
4,"tn_ac_wald_tollwell","minds the shop's door",6
4,"tn_af_brand_strawacre","keeps the ford toll",16
4,"tn_af_edric_sheaffield_","helps at Amberford Goods",16
4,"tn_af_fallow_grainford_","minds the shop's door",12
4,"tn_af_frey_wheatmow_","stands watch",16
4,"tn_af_ivy_furrowstook_","keeps The Grain Barn",16
4,"tn_af_ivy_strawacre_","grinds at the ford mill",8
4,"tn_af_nell_furrowmow_","helps at The Amber Loaf",8
4,"tn_af_tor_goldstead_","stands watch",16
4,"tn_af_umber_wheatley_","helps at Amberford Cooperage",8
4,"tn_af_varg_harrowford","works at The Ford Mill",8
4,"tn_af_yarrow_furrowstook_","keeps The Harvest Chapel",16
4,"tn_cb_birch_ironhollow","serves at The Hot Anvil",3
4,"tn_cb_brock_rustvein_","keeps The Shrine of the Iron Saint",16
4,"tn_cb_flint_rustvein_","healer",16
4,"tn_cb_hob_ashshaft_","stands watch",16
4,"tn_cb_opal_ironvein_","stands watch",16
4,"tn_cb_pell_emberpit_","helps at The Red Door Store",16
4,"tn_df_edric_darkguard_","stands watch",16
4,"tn_df_garth_blackwatch_","stands watch",16
4,"tn_df_heath_nightward_","garrison cook",16
4,"tn_df_holt_blackward_","stands watch",16
4,"tn_df_holt_deepward_","minds the shop's door",12
4,"tn_df_iris_grimhold_","stands watch",16
4,"tn_df_rusk_nightguard_","commands the garrison",16
4,"tn_df_thistle_deepward_","helps at The Silent Forge",16
4,"tn_fh_dray_bogmoor_","stands watch",16
4,"tn_fh_dun_peatlode_","helps at Bogmyrtle's",8
4,"tn_fh_fern_damplode_","helps at The Marsh Apothecary",6
4,"tn_fh_flint_reedmere_","serves at The Peat Fire",8
4,"tn_fh_ivy_dampditch_","stands watch",16
4,"tn_fh_juniper_reedcarr_","helps at The Bog Iron Forge",16
4,"tn_fh_knap_peatditch_","keeps The Stilt Chapel",16
4,"tn_fh_marl_damplode_","minds the shop's door",5
4,"tn_fh_rusk_reedcarr_","minds the shop's door",12
4,"tn_fh_thorn_peatcarr_","helps at The Mossloaf Bakery",8
4,"tn_hm_ash_hedgemere","helps at The Valley Oven",8
4,"tn_hm_drift_hollowside","helps at Valley Remedies",8
4,"tn_hm_reed_valemere","helps at The Hollowmere Shop",16
4,"tn_if_alder_greywall_","helps at The Isle Forge",14
4,"tn_if_bramble_greykeep_","garrison cook",15
4,"tn_if_eskar_islewall_","stands watch",16
4,"tn_if_harrow_towerguard_","stands watch",16
4,"tn_if_holt_merewatch_","minds the shop's door",6
4,"tn_if_iris_moatward_","stands watch",16
4,"tn_if_isla_moatwall_","stands watch",16
4,"tn_if_nettle_mereguard_","commands the garrison",16
4,"tn_if_thistle_greywall_","minds the shop's door",10
4,"tn_if_wolde_merewatch_","helps at The Armoury",8
4,"tn_ls_aster_merereach_","stands watch",16
4,"tn_ls_briar_stillside_","helps at Lakeside Goods",13
4,"tn_ls_brisk_poolhythe","works at The Mirrormere Smokehouse",6
4,"tn_ls_fern_eelford","healer",16
4,"tn_ls_frey_stillside_","minds the shop's door",9
4,"tn_ls_heath_oarwade_","stands watch",16
4,"tn_ls_hob_oarmere","works at The Mirrormere Smokehouse",7
4,"tn_ls_ingram_pikemere_","helps at Netmaker's Loft",8
4,"tn_ls_opal_mistmere_","helps at The Boatwright's",16
4,"tn_ls_slate_eelford","keeps The Mere Chapel",16
4,"tn_ls_varg_willowhythe_","minds the shop's door",12
4,"tn_nf_corrie_rimeward","stands watch",16
4,"tn_nf_dun_frostward","stands watch",16
4,"tn_nf_eskar_frosthold","works at The North Arsenal",8
4,"tn_nf_holly_bleakguard","works at The North Arsenal",8
4,"tn_nf_holly_rimeguard","minds the shop's door",12
4,"tn_nf_odo_rimehelm","commands the garrison",16
4,"tn_nf_yarrow_craghold","garrison cook",15
4,"tn_sr_bram_greycove","helps at Gullwharf Fish",8
4,"tn_sr_brand_shinglewater","stands watch",16
4,"tn_sr_dray_tidemouth","minds the shop's door",6
4,"tn_sr_jory_tidemouth","helps at The Barrel Yard",8
4,"tn_sr_kestrel_soundwater","works at The Saltreach Pans",8
4,"tn_sr_kindle_kelpline","works at The Gullwharf Smokehouse",8
4,"tn_sr_lark_shingleshore","works at The Saltreach Pans",8
4,"tn_sr_marl_kelpcove","stands watch",16
4,"tn_sr_nab_wrackshore","helps at The Anchor Smithy",16
4,"tn_sr_orrin_greymouth","works at The Gullwharf Smokehouse",8
4,"tn_sr_thorn_tideline","keeps The Tide Chapel",16
4,"tn_sr_tor_tideline","keeps The Salt House",16
4,"tn_wm_ash_thornwell","keeps The Granary",16
4,"tn_wm_bramble_westfold","stands watch",16
4,"tn_wm_frey_larkacre","helps at The Hide Yard",8
4,"tn_wm_hob_thornlea","stands watch",16
4,"tn_wm_holly_sheepridge","helps at Drover's Block",16
4,"tn_wm_holt_barrowmarch","helps at Downland Wool",8
4,"tn_wm_isla_westridge","drives cattle to market",16
4,"tn_wm_knap_barrowacre","drives cattle to market",16
4,"tn_wm_linden_woldfold","helps at Westmarch Mercantile",16
4,"tn_wm_orrin_haybarrow","minds the shop's door",6
4,"tn_wm_quill_haybarrow","minds the shop's door",6
4,"tn_wm_vetch_thornwell","keeps The Down Chapel",16
4,"uax_ash_cragfoot_","carries loads for hire",16
4,"uax_birch_frostwell_","sweeps and fetches for a shop",14
4,"uax_brock_ashsong_","washes linen for hire",16
4,"uax_brock_bramblefoot_","lights the lamps at dusk",10
4,"uax_drift_birchhowl_","washes linen for hire",16
4,"uax_elm_stormcoat_","carries loads for hire",16
4,"uax_gorse_mosscoat_","runs messages about the city",16
4,"uax_heath_mossborn_","washes linen for hire",16
4,"uax_heather_birchhowl_","carries loads for hire",14
4,"uax_heather_snowfoot_","washes linen for hire",14
4,"uax_hob_brackenrun_","lights the lamps at dusk",10
4,"uax_ingram_greymantle_","carries loads for hire",14
4,"uax_ivy_stonecoat_","washes linen for hire",16
4,"uax_juniper_heathheart_","runs messages about the city",14
4,"uax_juniper_tarnmoor_","runs messages about the city",14
4,"uax_kestrel_windmere_","washes linen for hire",16
4,"uax_kindle_ashwalker_","washes linen for hire",14
4,"uax_ludo_dusksong_","washes linen for hire",16
4,"uax_mara_oakridge_","washes linen for hire",14
4,"uax_nell_bramblefoot_","carries loads for hire",2
4,"uax_nokk_ironbark_","lights the lamps at dusk",10
4,"uax_pell_frostback_","carries loads for hire",16
4,"uax_sella_heathrow_","runs messages about the city",16
4,"uax_sella_mistvale_","washes linen for hire",16
4,"uax_vale_pinecrest_","carries loads for hire",16
4,"uax_vesper_frostborn_","lights the lamps at dusk",10
4,"uax_wisp_duskfell_","sweeps and fetches for a shop",14
4,"uax_yarrow_mossborn_","washes linen for hire",16
4,"umber_ashsong_","hauling crates",13
4,"willa_fallowmark_","tending the hurt",16
4,"wisp_","reading in the deep archive",14
4,"wolde","training",14
4,"wren_","holding the main gate",16
5,"alder_coldborn_","helping at The Tight Weft",8
5,"alder_hollowfang_","helping at The Stretched Hide",8
5,"ash_","leading the Warden Order",16
5,"ash_duskhide_","helping at The Cold Hammer",16
5,"aster_marshbark_","copying the city rolls",16
5,"aster_slateclaw_","helping at Needle & Nap",16
5,"bramble_","debating in the Grand Hall",16
5,"brand","holding the stair gate",8
5,"briar","training",13
5,"briar_brackenrun_","selling from a plaza stall",16
5,"briar_stormfang_","helping at Pinecut Joinery",8
5,"brisk_","coaching at the archery range",15
5,"brock","on night patrol",8
5,"brock_coldborn_","helping at The Tight Weft",8
5,"clover","training",15
5,"dawn","tending the scroll vaults",16
5,"dawn_greyhide_","helping at The Straight Shaft",8
5,"dray","holding the main gate",8
5,"dray_hollowfang_","helping at The Stretched Hide",8
5,"drift_frostwalker_","helping at Morning Rise Ovens",11
5,"dun_","running sparring bouts",15
5,"dun_pinewell_","copying the city rolls",16
5,"elm_coldborn_","helping at The Tight Weft",8
5,"elm_pinevale_","helping at Ridgeline Maps",8
5,"eskar_","on night patrol",8
5,"fallow","debating in the Grand Hall",16
5,"fell_","drilling trainees on the square",15
5,"fern_","holding the stair gate",8
5,"fern_frostmark_","helping at Cinderpaw Forge",16
5,"fern_greybark_","helping at Clayfoot Wares",8
5,"gorse_","running the obstacle course",11
5,"grist_hollowmere_","helping at Greywall Goods",16
5,"harl_mossmere_","helping at Timberline Carpentry",8
5,"harrow","hearing petitions",14
5,"hazel","advising the leader",7
5,"heath_","training",13
5,"heather","on night watch",8
5,"holly_","on patrol",10
5,"ingram_","training",15
5,"ingram_harrowgate_","tending the sick",16
5,"isla","on watch",11
5,"ivy_pinewalker_","tending the sick",16
5,"jarl","on watch",11
5,"jessamy","keeping the Annex",16
5,"kell","carrying messages for the Concord",16
5,"kell_ashfall_","hauling crates",16
5,"kestrel_","hearing petitions",14
5,"kindle","training",15
5,"kindle_frostfoot_","selling from a plaza stall",16
5,"kite","shelving in the upper stacks",16
5,"knap_","on watch",12
5,"lark_","keeping the chapel",16
5,"laurel","drilling in the compound",15
5,"laurel_ashwalker","helping at The Gatehouse Inn",8
5,"lichen","advising the leader",3
5,"loam_","drilling in the compound",15
5,"marsh","on patrol",11
5,"moor","drilling in the compound",15
5,"moss_","on patrol",11
5,"myrtle","on night watch",8
5,"nell","training",15
5,"nettle_ironbark_","drawing water at the plaza well",16
5,"nightjar_","keeping the crypt library",16
5,"nightjar_windhollow_","tallying stores",16
5,"nokk_","hearing petitions",14
5,"oak_","on night patrol",8
5,"orrin","carrying messages for the Concord",16
5,"quarry","training",15
5,"ridge","advising the leader",4
5,"ridge_mossborn_","minding the stores",16
5,"rm_ada_brineford","smoking fish",15
5,"rm_ansel_brinewick","blowing glass",16
5,"rm_arne_brinewell_","running The Fell Wagon Yard",8
5,"rm_aud_rustford_","running The Vesk Salt Pans",8
5,"rm_beatha_rainmore_","helping at Greywool",8
5,"rm_beatha_saltley","keeping the chambers",16
5,"rm_berit_plankworth_","holding the south gate",16
5,"rm_bertil_fogwick","stewarding Grayrock Hall",8
5,"rm_bertil_millwick","keeping the chambers",16
5,"rm_bertil_pitchgate","building ships",16
5,"rm_bertil_wetridge_","helping at The Hook and Cleaver",16
5,"rm_bo_gullstack","foreman of the quarry",16
5,"rm_brand_mudstack","at the forge",1
5,"rm_brand_saltwell_","holding the quay gate",16
5,"rm_bryn_coalwell","working the saws",16
5,"rm_bryn_kelpridge","boiling rags",16
5,"rm_bryn_plankham_","on night patrol",16
5,"rm_caspar_greyley","working the saws",16
5,"rm_clemence_slagcot","keeping order in court",16
5,"rm_corra_wickby_","commanding the Watch",16
5,"rm_corwin_coalley_","on patrol",16
5,"rm_corwin_pitchley_","works at The Rag Mill",1
5,"rm_corwin_rustham","serving in the hall",8
5,"rm_dagfinn_ashmore","smoking fish",15
5,"rm_dagny_kelpmore_","running The Reach Tannery",8
5,"rm_dirk_brinecot_","works at The Blue Vats",1
5,"rm_dirk_dripford","keeping the gaol",16
5,"rm_dirk_sootham_","armourer at The Rivet and Rain",1
5,"rm_disa_gullhand_","works at Old Mother Tannery",1
5,"rm_dunstan_wickworth_","minding the shop door",12
5,"rm_ebba_bilgeworth_","running The Blue Vats",8
5,"rm_edda_rainby_","running The Rag Mill",8
5,"rm_edric_ashcombe","working the glass himself",16
5,"rm_edric_pitchton_","running The Ashcombe Tileworks",8
5,"rm_egil_coalmore_","works at The Fell Wagon Yard",1
5,"rm_egil_fogton_","helping at Grist & Crust",8
5,"rm_egil_wickham_","holding the east gate",16
5,"rm_emmerich_foghand","serving in the hall",8
5,"rm_emmerich_wetridge_","minding the shop door",12
5,"rm_finn_ashridge_","smith at Nailers' Forge",2
5,"rm_frida_millby","cooking for the House",8
5,"rm_gerrit_kelpley_","works at The Fell Wagon Yard",1
5,"rm_gorm_coalstack_","running The Reach Foundry",1
5,"rm_gorm_kelpcot","tallying the Houses' dues",16
5,"rm_greta_greymore_","works at The Ashcombe Tileworks",1
5,"rm_grete_mudton_","minding the shop door",6
5,"rm_grete_slagton_","works at The Brinewater Sail Loft",1
5,"rm_gudrun_bilgeham","building ships",16
5,"rm_gudrun_dripham","stewarding Ashcombe House",8
5,"rm_gudrun_fell","keeping the Fell accounts",8
5,"rm_gunnar_nailmarsh","twisting rope",1
5,"rm_hakon_mudton_","brewer at The Black Tun",8
5,"rm_hakon_pitchstack","keeping the chambers",16
5,"rm_halvard_pitchwell_","minding the shop door",6
5,"rm_hester_coalgate","twisting rope",1
5,"rm_hilde_kelpworth_","running The Brinewater Sail Loft",8
5,"rm_hjalte_rustworth","working the saws",16
5,"rm_hjalte_saltgate_","chandler at Wickham's Chandlery",8
5,"rm_hollis_bilgewick","tending the sick",16
5,"rm_hollis_wickworth_","helping at Sump Sundries",16
5,"rm_ilse_greyby_","helping at Harbour Provisions",16
5,"rm_ingrid_grayrock","at her lessons in the Hall",16
5,"rm_ingrid_tarcot_","running Old Mother Tannery",8
5,"rm_isolde_tarwick","presiding over the Council",16
5,"rm_ivo_dripgate_","works at The Grayrock Arsenal",1
5,"rm_ivo_pitchby_","works at The Grayrock Arsenal",1
5,"rm_ivo_wickridge","smoking fish",15
5,"rm_jarl_coalworth","smoking fish",15
5,"rm_jarl_gullmarsh_","pickle stall on the Market Square",8
5,"rm_jasper_sootton_","works at The Rag Mill",1
5,"rm_kari_cindermarsh_","on night patrol",16
5,"rm_kari_millham_","minding the shop door",6
5,"rm_karin_mudham_","fish stall on the Market Square",8
5,"rm_kjell_plankstack","copying the rolls",16
5,"rm_knut_gulldale_","running The Grayrock Foundry",8
5,"rm_knut_rainley_","helping at The Pawn and Ledger",8
5,"rm_lars_rainford_","on patrol",16
5,"rm_leif_brinewater","walking the ropewalk",1
5,"rm_leif_mudcot_","helping at The Wet Slab",16
5,"rm_lothar_ashdale_","works at The Vesk Salt Pans",1
5,"rm_lothar_brineridge","cooking for the House",8
5,"rm_lotte_brinemarsh","serving in the hall",8
5,"rm_lotte_gullcot_","nut stall on the Market Square",8
5,"rm_magnus_mudgate","working the saws",16
5,"rm_magnus_vesk","counting the catch",15
5,"rm_maren_fogton_","baker at Grist & Crust",8
5,"rm_maren_ropewell","keeping the chapel",16
5,"rm_maren_tarworth","serving in the hall",8
5,"rm_moll_rustby_","on patrol",16
5,"rm_nan_brineworth_","works at The Ashcombe Tileworks",1
5,"rm_nan_rainton","keeping the chambers",16
5,"rm_nessa_brinewater","learning the shipyard",16
5,"rm_nils_wickley_","on patrol",16
5,"rm_njal_fogdale","weighing bales",16
5,"rm_oda_greyford_","works at Old Mother Tannery",1
5,"rm_oda_rustwell","taxing the cargoes",16
5,"rm_olaf_wetworth","stewarding Brinewater House",8
5,"rm_orm_nailley","cooking for the House",16
5,"rm_oskar_muddale","keeping the harbour",16
5,"rm_osric_dripcot_","works at The Vesk Salt Pans",1
5,"rm_ottilie_pitchmore","working the saws",16
5,"rm_ottilie_wetmarsh_","honey stall on the Market Square",8
5,"rm_ottilie_wickmore_","tailor at Oilcloth & Wool",8
5,"rm_palle_cinderhand_","running The Grayrock Lime Kilns",8
5,"rm_palle_ropeton","stewarding Fellhall",8
5,"rm_piet_cindermore_","works at The Reach Tannery",1
5,"rm_ragnar_millworth_","minding the shop door",6
5,"rm_ragnar_plankgate","serving in the hall",8
5,"rm_runa_gullton_","egg stall on the Market Square",8
5,"rm_runa_rainwick_","works at The Grayrock Lime Kilns",8
5,"rm_rune_brineton_","minding the shop door",6
5,"rm_rune_millworth","runs The Rainwash Smokehouse",8
5,"rm_sigrun_bilgeby","building ships",16
5,"rm_silas_gullham","twisting rope",1
5,"rm_silas_gullley_","works at The Brinewater Sail Loft",1
5,"rm_soren_slagford","keeping the chambers",16
5,"rm_soren_wetcot","stewarding Vesk Manor",8
5,"rm_sten_vesk","running the salt pans",8
5,"rm_tilde_brinestack_","running The Grayrock Arsenal",8
5,"rm_tilde_ropestack_","scribe at Wetink Lane Scriveners",8
5,"rm_tilde_wethand","cooking for the House",16
5,"rm_tobias_grayrock","overseeing the ironworks",16
5,"rm_tove_pitchworth","keeping the inn",8
5,"rm_tove_ropedale","hearing cases",16
5,"rm_ulla_brinedale","cooking for the House",16
5,"rm_una_pitchwell_","runs Greywater Dairy",8
5,"rm_vidar_kelpgate","at the forge",1
5,"rm_vidar_ropewick_","works at The Blue Vats",1
5,"rm_vigdis_millwell_","works at The Reach Tannery",1
5,"rm_wenna_coalwick_","running The South Gate Stables",8
5,"rm_wenna_mudhand_","saddler at Collar and Trace",8
5,"rm_wynn_cinderton","building ships",16
5,"rm_yrsa_mudmarsh","smoking fish",15
5,"rm_yrsa_plankridge","blowing glass",16
5,"rm_yrsa_wickdale","blowing glass",16
5,"rmx_egil_plankridge","lights the lamps at dusk",10
5,"rmx_olaf_cindermarsh_","sweeps and fetches for a shop",8
5,"rmx_pim_dripham_","runs messages about the city",16
5,"rmx_rika_nailcot_","washes linen for hire",16
5,"rmx_runa_ashton_","runs messages about the city",16
5,"rmx_silas_saltstack_","sweeps and fetches for a shop",2
5,"rmx_thyra_greycot_","runs messages about the city",16
5,"roan_","on patrol",12
5,"sage_","debating in the Grand Hall",16
5,"scree_","on patrol",11
5,"sella","drilling in the compound",15
5,"sf_achille_rivante","hauling for the warehouses",1
5,"sf_agnese_castellane_","receiving guests",16
5,"sf_agnese_orsotti","saddler at Cuoio Fino",8
5,"sf_agnese_rivale","apothecary at Farmacia della Santa",8
5,"sf_alba_galieri_","guarding the palace",16
5,"sf_alessio_rosandi","helping at Ottone & Rame",16
5,"sf_amedeo_maresi","helping at Penna e Sigillo",8
5,"sf_amedeo_orselli","helping at Dispensa del Porto",5
5,"sf_aurelia_belano","unloading barges",1
5,"sf_aurelio_marucci","presiding over the guild",16
5,"sf_bastiano_orsesi_","serving the household",16
5,"sf_beatrice_orselli","minding the shop door",3
5,"sf_benedetto_albani","celebrating the Mass",16
5,"sf_bruno_lanale","soup stall on the Mercato",8
5,"sf_carlotta_lanano","helping at Seta Fina",8
5,"sf_cassio_di_castellane","attending the court",16
5,"sf_ciro_aldobrandi_","receiving guests",16
5,"sf_ciro_marandi_","keeping the crypt",16
5,"sf_clelia_benano","works at Tintoria Bellandi",1
5,"sf_clelia_coruzzi","helping at La Forgia",16
5,"sf_corrado_marotti_","leading the choir",16
5,"sf_corrado_morone","shopkeeper at The Red Door",8
5,"sf_cosima_ferucci","works at The Royal Arsenal",1
5,"sf_cosima_morucci","holding the east gate",16
5,"sf_cosima_rivelli","running Mulino del Borgo",8
5,"sf_cosimo_casari","mason at Marmi Ferrante",8
5,"sf_cosimo_orsini","glassblower at Vetro Chiaro",8
5,"sf_dario_rivuzzi","mending nets on the wharf",1
5,"sf_delia_rosetti","minding the shop door",6
5,"sf_duccio_coretti_","serving the household",16
5,"sf_duccio_orselli","provisioner at Dispensa del Porto",8
5,"sf_duccio_valmonte_","receiving guests",16
5,"sf_elena_lanucci","minding the shop door",6
5,"sf_elena_rivetti","works at Fonderia delle Campane",1
5,"sf_eliseo_colesi","works at Cartiera Bianca",1
5,"sf_eliseo_salari","works at Carri Galli",1
5,"sf_eliseo_valuzzi","fishmonger at Pesce del Fiume",8
5,"sf_emilia_ferante_","keeping the Chapel Royal",16
5,"sf_emilio_valieri","minding the shop door",6
5,"sf_enzo_casuzzi","cooper at Botti Ferrante",8
5,"sf_enzo_lucenti_","receiving guests",16
5,"sf_fabrizio_benandi","grading fleeces",16
5,"sf_fiora_belieri_","hearing confessions",16
5,"sf_fiora_rivano_","serving the household",16
5,"sf_flavia_corano_","works at Tintoria Bellandi",1
5,"sf_flavia_ferotti","works at Carri Galli",1
5,"sf_flavia_galone","minding the shop door",6
5,"sf_gemma_belini_","polishing the throne room",16
5,"sf_gemma_corieri","running Carri Galli",8
5,"sf_gemma_salieri","unloading barges",1
5,"sf_gemma_valieri","helping at Mappe del Fiume",8
5,"sf_gemma_venale","minding the shop door",6
5,"sf_giacomo_ferale_","keeping the royal apartments",16
5,"sf_gino_casandi_","guarding the palace",16
5,"sf_giulia_colari","tallying barges",16
5,"sf_gualtiero_colini","running Fonderia delle Campane",8
5,"sf_gualtiero_rosetti","moneychanger at The Bank of the Red Roof",8
5,"sf_ilaria_palale_","gossiping at court",16
5,"sf_ilario_coluzzi_","attending the Queen",16
5,"sf_ilario_morieri","helping at Erbe di Campo",16
5,"sf_isotta_nerale","on patrol",16
5,"sf_isotta_palucci","helping at Profumi Lucenti",6
5,"sf_isotta_salandi","works at The Royal Arsenal",1
5,"sf_lapo_orsenna_","receiving guests",16
5,"sf_lapo_salesi","painting on the cathedral square",16
5,"sf_lavinia_belale","works at Fonderia delle Campane",1
5,"sf_leandro_casante","trading at the market",1
5,"sf_leandro_valucci_","serving the household",16
5,"sf_livia_di_castellane","receiving at court",16
5,"sf_livia_galante_","announcing the court",16
5,"sf_livia_lanotti_","guarding the palace",16
5,"sf_livia_torandi","porridge stall on the Mercato",8
5,"sf_livia_venucci","minding the shop door",12
5,"sf_loretta_colotti_","guarding the palace",16
5,"sf_loretta_valesi_","keeping the guild books",16
5,"sf_lucia_colone_","arguing the price of wool",16
5,"sf_lucia_nerucci","on patrol",16
5,"sf_mafalda_lucenti_","receiving guests",16
5,"sf_mafalda_marenzi_","receiving guests",16
5,"sf_mafalda_morotti","running Tintoria Bellandi",8
5,"sf_mafalda_palari_","serving the household",16
5,"sf_marcello_galuzzi","helping at Il Forno d'Oro",8
5,"sf_marcello_morandi","running The Royal Arsenal",8
5,"sf_marcello_palucci","perfumer at Profumi Lucenti",8
5,"sf_marcello_venale","helping at Bottega del Legno",8
5,"sf_marzia_ferini_","serving the royal table",16
5,"sf_marzia_orsenna_","receiving guests",16
5,"sf_marzia_rivucci_","nursing the sick",16
5,"sf_matteo_lanante","runs Il Mulino Dairy",8
5,"sf_matteo_orsieri","butcher at Macelleria Rossi",8
5,"sf_matteo_salini","keeps the water mill at La Riva",8
5,"sf_matteo_valari","brewer at The Poggio Chiaro Press",8
5,"sf_mauro_orsotti","runs The Le Api Brickworks",8
5,"sf_mirella_rosotti_","lighting the candles",16
5,"sf_nico_lanini_","serving the household",16
5,"sf_nico_palandi","works at The Red Tile Works",1
5,"sf_nives_morini_","commanding the palace guard",16
5,"sf_nives_salelli","on night patrol",16
5,"sf_noemi_lanetti_","serving the household",16
5,"sf_noemi_valmonte_","receiving guests",16
5,"sf_orsino_belante","on patrol",16
5,"sf_orsola_marano","on night patrol",16
5,"sf_ottavia_lanza","hearing petitions",16
5,"sf_ottavia_maruzzi","works at Mulino del Borgo",1
5,"sf_ottavia_nerari","on patrol",16
5,"sf_ottone_marenzi_","receiving guests",16
5,"sf_pasquale_torone_","serving the household",16
5,"sf_perla_belucci","on patrol",16
5,"sf_piero_darotti_","guarding the palace",16
5,"sf_primo_benale_","cooking for the palace",8
5,"sf_raffaele_rosetti","runs The Prato Verde Smokehouse",8
5,"sf_renata_galini","works at Cartiera Bianca",1
5,"sf_renata_salini","weaver at Tessitura Bellandi",8
5,"sf_renzo_corucci","running La Concia",8
5,"sf_rocco_morano","keeping the inn",8
5,"sf_rocco_orsini","minding the shop door",2
5,"sf_rosalba_belotti_","attending the King",16
5,"sf_salvatore_orsone","running Cartiera Bianca",8
5,"sf_salvatore_venante","works at The Red Tile Works",1
5,"sf_serafina_aldobrandi_","receiving guests",16
5,"sf_serafina_ferelli_","running errands for the household",1
5,"sf_serafina_lanone","commanding the city guard",16
5,"sf_serafina_maresi","minding the shop door",6
5,"sf_sveva_galucci","unloading barges",1
5,"sf_taddeo_paluzzi","unloading barges",1
5,"sf_teodora_venone_","serving the household",16
5,"sf_teodoro_palone","running The East Gate Stables",8
5,"sf_tommaso_benini_","serving the household",16
5,"sf_tommaso_darandi_","serving the household",16
5,"sf_tullia_darari_","nursing the sick",16
5,"sf_umberto_maresi","minding the shop door",6
5,"sf_umberto_marieri","on night patrol",16
5,"sf_valeria_toruzzi_","scrubbing the kitchens",1
5,"sf_valerio_casieri","running The Red Tile Works",8
5,"sf_valerio_nerandi","armourer at Armeria del Leone",8
5,"sf_vasco_casotti_","runs Santa Lucia Dairy",8
5,"sf_vasco_castellane_","receiving guests",16
5,"sf_viola_darieri_","serving the household",16
5,"sf_viola_galano","mending nets on the wharf",1
5,"sf_vittore_nerone","holding the north gate",16
5,"sf_vittoria_torucci_","copying the chapter's books",16
5,"sfx_fausto_orsini","works at The La Riva Water Mill",1
5,"sfx_manfredi_pallotta","sweeps and fetches for a shop",8
5,"skye_","holding the south gate",8
5,"sloe","presiding over the Concord",16
5,"tansy","keeping the training stores",15
5,"tarn_","holding the south gate",8
5,"thief","working",16
5,"thistle_","on watch",11
5,"thorn_screebark_","mending the old wall",16
5,"tn_ac_bramble_gatewright","stands watch",16
5,"tn_ac_elm_crosswright","minds the shop's door",12
5,"tn_ac_flint_milestone","tends the carters' beasts",16
5,"tn_ac_gale_crossley","works at The Wheelwright's Yard",8
5,"tn_ac_heath_wheelmark","tends the carters' beasts",16
5,"tn_ac_holly_gatepost","loads the caravan wagons",16
5,"tn_ac_mara_dustcote","helps at Waystation Stores",16
5,"tn_ac_quarry_gatepost","loads the caravan wagons",16
5,"tn_ac_quill_tollwell","helps at The Gate Forge",8
5,"tn_ac_ridge_mileward","keeps The Caravan Shed",16
5,"tn_ac_ridge_waymark","helps at The Trace and Collar",8
5,"tn_ac_rowan_cartpost","stands watch",16
5,"tn_ac_stone_wayrun","works at The Wheelwright's Yard",8
5,"tn_ac_varg_mileward","loads the caravan wagons",16
5,"tn_ac_wald_tollwell","minds the shop's door",6
5,"tn_af_brand_strawacre","keeps the ford toll",16
5,"tn_af_edric_sheaffield_","helps at Amberford Goods",16
5,"tn_af_fallow_grainford_","minds the shop's door",12
5,"tn_af_frey_wheatmow_","stands watch",16
5,"tn_af_ivy_furrowstook_","keeps The Grain Barn",16
5,"tn_af_ivy_strawacre_","grinds at the ford mill",8
5,"tn_af_nell_furrowmow_","helps at The Amber Loaf",16
5,"tn_af_tor_goldstead_","stands watch",16
5,"tn_af_tor_grainfield_","helps at Ford Brewhouse",8
5,"tn_af_umber_wheatley_","helps at Amberford Cooperage",8
5,"tn_af_varg_harrowford","works at The Ford Mill",8
5,"tn_af_yarrow_furrowstook_","keeps The Harvest Chapel",16
5,"tn_cb_birch_ironhollow","serves at The Hot Anvil",8
5,"tn_cb_brock_rustvein_","keeps The Shrine of the Iron Saint",16
5,"tn_cb_fern_slaghollow_","helps at Cinderbrook Forge",3
5,"tn_cb_flint_rustvein_","healer",16
5,"tn_cb_hob_ashshaft_","stands watch",16
5,"tn_cb_isla_slaghollow_","minds the shop's door",1
5,"tn_cb_nettle_rusthollow_","helps at The Lamp and Wick",3
5,"tn_cb_opal_ironvein_","stands watch",16
5,"tn_cb_pell_emberpit_","helps at The Red Door Store",16
5,"tn_df_edric_darkguard_","stands watch",5
5,"tn_df_garth_blackwatch_","stands watch",8
5,"tn_df_heath_nightward_","garrison cook",13
5,"tn_df_holt_blackward_","stands watch",5
5,"tn_df_holt_deepward_","minds the shop's door",12
5,"tn_df_iris_grimhold_","stands watch",8
5,"tn_df_rusk_nightguard_","commands the garrison",8
5,"tn_df_thistle_deepward_","helps at The Silent Forge",16
5,"tn_fh_dray_bogmoor_","stands watch",16
5,"tn_fh_dun_peatlode_","helps at Bogmyrtle's",8
5,"tn_fh_flint_reedmere_","serves at The Peat Fire",8
5,"tn_fh_ivy_dampditch_","stands watch",16
5,"tn_fh_juniper_reedcarr_","helps at The Bog Iron Forge",15
5,"tn_fh_knap_peatditch_","keeps The Stilt Chapel",16
5,"tn_fh_lorn_rushditch_","helps at Rushlight Chandler",8
5,"tn_fh_rusk_reedcarr_","minds the shop's door",11
5,"tn_fh_thorn_peatcarr_","helps at The Mossloaf Bakery",9
5,"tn_fh_wren_rushditch_","minds the shop's door",6
5,"tn_hm_ash_hedgemere","helps at The Valley Oven",10
5,"tn_hm_drift_hollowside","helps at Valley Remedies",8
5,"tn_hm_reed_valemere","helps at The Hollowmere Shop",16
5,"tn_if_alder_greywall_","helps at The Isle Forge",8
5,"tn_if_bramble_greykeep_","garrison cook",15
5,"tn_if_eskar_islewall_","stands watch",8
5,"tn_if_harrow_towerguard_","stands watch",8
5,"tn_if_holt_merewatch_","minds the shop's door",6
5,"tn_if_iris_moatward_","stands watch",5
5,"tn_if_isla_moatwall_","stands watch",5
5,"tn_if_nettle_mereguard_","commands the garrison",8
5,"tn_if_thistle_greywall_","minds the shop's door",6
5,"tn_if_wolde_merewatch_","helps at The Armoury",8
5,"tn_ls_aster_merereach_","stands watch",16
5,"tn_ls_briar_stillside_","helps at Lakeside Goods",8
5,"tn_ls_fern_eelford","healer",16
5,"tn_ls_frey_stillside_","minds the shop's door",6
5,"tn_ls_heath_oarwade_","stands watch",16
5,"tn_ls_ingram_pikemere_","helps at Netmaker's Loft",8
5,"tn_ls_opal_mistmere_","helps at The Boatwright's",9
5,"tn_ls_slate_eelford","keeps The Mere Chapel",16
5,"tn_ls_varg_willowhythe_","minds the shop's door",12
5,"tn_nf_corrie_rimeward","stands watch",8
5,"tn_nf_dun_frostward","stands watch",11
5,"tn_nf_eskar_frosthold","works at The North Arsenal",8
5,"tn_nf_holly_bleakguard","works at The North Arsenal",8
5,"tn_nf_holly_rimeguard","minds the shop's door",12
5,"tn_nf_odo_rimehelm","commands the garrison",8
5,"tn_nf_yarrow_craghold","garrison cook",15
5,"tn_sr_bram_greycove","helps at Gullwharf Fish",8
5,"tn_sr_brand_shinglewater","stands watch",16
5,"tn_sr_dray_tidemouth","minds the shop's door",6
5,"tn_sr_jory_tidemouth","helps at The Barrel Yard",8
5,"tn_sr_kestrel_soundwater","works at The Saltreach Pans",8
5,"tn_sr_kindle_kelpline","works at The Gullwharf Smokehouse",8
5,"tn_sr_lark_shingleshore","works at The Saltreach Pans",8
5,"tn_sr_marl_kelpcove","stands watch",16
5,"tn_sr_nab_wrackshore","helps at The Anchor Smithy",16
5,"tn_sr_orrin_greymouth","works at The Gullwharf Smokehouse",8
5,"tn_sr_thorn_tideline","keeps The Tide Chapel",16
5,"tn_sr_tor_tideline","keeps The Salt House",16
5,"tn_wm_ash_thornwell","keeps The Granary",16
5,"tn_wm_bramble_westfold","stands watch",16
5,"tn_wm_frey_larkacre","helps at The Hide Yard",8
5,"tn_wm_hob_thornlea","stands watch",16
5,"tn_wm_holly_sheepridge","helps at Drover's Block",16
5,"tn_wm_holt_barrowmarch","helps at Downland Wool",8
5,"tn_wm_isla_westridge","drives cattle to market",16
5,"tn_wm_knap_barrowacre","drives cattle to market",16
5,"tn_wm_linden_woldfold","helps at Westmarch Mercantile",16
5,"tn_wm_orrin_haybarrow","minds the shop's door",6
5,"tn_wm_quill_haybarrow","minds the shop's door",6
5,"tn_wm_vetch_thornwell","keeps The Down Chapel",16
5,"uax_ash_cragfoot_","carries loads for hire",16
5,"uax_birch_frostwell_","sweeps and fetches for a shop",16
5,"uax_brock_ashsong_","washes linen for hire",16
5,"uax_brock_bramblefoot_","lights the lamps at dusk",10
5,"uax_drift_birchhowl_","washes linen for hire",16
5,"uax_elm_stormcoat_","carries loads for hire",16
5,"uax_gorse_mosscoat_","runs messages about the city",16
5,"uax_heath_mossborn_","washes linen for hire",16
5,"uax_heather_birchhowl_","carries loads for hire",16
5,"uax_heather_snowfoot_","washes linen for hire",16
5,"uax_hob_brackenrun_","lights the lamps at dusk",8
5,"uax_ingram_greymantle_","carries loads for hire",14
5,"uax_ivy_stonecoat_","washes linen for hire",16
5,"uax_juniper_heathheart_","runs messages about the city",14
5,"uax_juniper_tarnmoor_","runs messages about the city",16
5,"uax_kestrel_windmere_","washes linen for hire",16
5,"uax_kindle_ashwalker_","washes linen for hire",16
5,"uax_ludo_dusksong_","washes linen for hire",16
5,"uax_mara_oakridge_","washes linen for hire",16
5,"uax_nokk_ironbark_","lights the lamps at dusk",8
5,"uax_pell_frostback_","carries loads for hire",16
5,"uax_sella_heathrow_","runs messages about the city",14
5,"uax_sella_mistvale_","washes linen for hire",16
5,"uax_vale_pinecrest_","carries loads for hire",16
5,"uax_vesper_frostborn_","lights the lamps at dusk",10
5,"uax_wisp_duskfell_","sweeps and fetches for a shop",16
5,"uax_yarrow_mossborn_","washes linen for hire",16
5,"umber_ashsong_","hauling crates",16
5,"willa_fallowmark_","tending the hurt",16
5,"wisp_","reading in the deep archive",16
5,"wolde","training",15
5,"wren_","holding the main gate",8
6,"brand","holding the stair gate",15
6,"brock","on night patrol",12
6,"dray","holding the main gate",15
6,"eskar_","on night patrol",12
6,"fern_","holding the stair gate",8
6,"heather","on night watch",13
6,"holly_","on patrol",8
6,"isla","on watch",8
6,"jarl","on watch",8
6,"knap_","on watch",8
6,"marsh","on patrol",8
6,"moss_","on patrol",8
6,"myrtle","on night watch",13
6,"oak_","on night patrol",13
6,"rm_arne_brinewell_","running The Fell Wagon Yard",8
6,"rm_aud_rustford_","running The Vesk Salt Pans",8
6,"rm_berit_plankworth_","holding the south gate",16
6,"rm_brand_saltwell_","holding the quay gate",16
6,"rm_bryn_plankham_","on night patrol",16
6,"rm_corra_wickby_","commanding the Watch",16
6,"rm_corwin_coalley_","on patrol",16
6,"rm_dagny_kelpmore_","running The Reach Tannery",8
6,"rm_dirk_sootham_","armourer at The Rivet and Rain",4
6,"rm_ebba_bilgeworth_","running The Blue Vats",8
6,"rm_edda_rainby_","running The Rag Mill",8
6,"rm_edric_pitchton_","running The Ashcombe Tileworks",8
6,"rm_egil_wickham_","holding the east gate",16
6,"rm_finn_ashridge_","smith at Nailers' Forge",8
6,"rm_hakon_mudton_","brewer at The Black Tun",8
6,"rm_hilde_kelpworth_","running The Brinewater Sail Loft",8
6,"rm_hjalte_saltgate_","chandler at Wickham's Chandlery",8
6,"rm_ingrid_tarcot_","running Old Mother Tannery",8
6,"rm_jarl_gullmarsh_","pickle stall on the Market Square",8
6,"rm_kari_cindermarsh_","on night patrol",16
6,"rm_karin_mudham_","fish stall on the Market Square",8
6,"rm_knut_gulldale_","running The Grayrock Foundry",8
6,"rm_lars_rainford_","on patrol",16
6,"rm_lotte_gullcot_","nut stall on the Market Square",8
6,"rm_maren_fogton_","baker at Grist & Crust",8
6,"rm_moll_rustby_","on patrol",16
6,"rm_nils_wickley_","on patrol",16
6,"rm_ottilie_wetmarsh_","honey stall on the Market Square",8
6,"rm_ottilie_wickmore_","tailor at Oilcloth & Wool",8
6,"rm_palle_cinderhand_","running The Grayrock Lime Kilns",8
6,"rm_runa_gullton_","egg stall on the Market Square",8
6,"rm_rune_millworth","runs The Rainwash Smokehouse",8
6,"rm_tilde_brinestack_","running The Grayrock Arsenal",8
6,"rm_tilde_ropestack_","scribe at Wetink Lane Scriveners",8
6,"rm_tove_pitchworth","keeping the inn",8
6,"rm_una_pitchwell_","runs Greywater Dairy",8
6,"rm_wenna_coalwick_","running The South Gate Stables",8
6,"rm_wenna_mudhand_","saddler at Collar and Trace",8
6,"roan_","on patrol",8
6,"scree_","on patrol",8
6,"sf_agnese_orsotti","saddler at Cuoio Fino",8
6,"sf_agnese_rivale","apothecary at Farmacia della Santa",8
6,"sf_alba_galieri_","guarding the palace",16
6,"sf_bruno_lanale","soup stall on the Mercato",8
6,"sf_corrado_morone","shopkeeper at The Red Door",8
6,"sf_cosima_morucci","holding the east gate",16
6,"sf_cosima_rivelli","running Mulino del Borgo",8
6,"sf_cosimo_casari","mason at Marmi Ferrante",8
6,"sf_cosimo_orsini","glassblower at Vetro Chiaro",8
6,"sf_duccio_orselli","provisioner at Dispensa del Porto",8
6,"sf_eliseo_valuzzi","fishmonger at Pesce del Fiume",8
6,"sf_enzo_casuzzi","cooper at Botti Ferrante",8
6,"sf_gemma_corieri","running Carri Galli",8
6,"sf_gino_casandi_","guarding the palace",16
6,"sf_gualtiero_colini","running Fonderia delle Campane",8
6,"sf_gualtiero_rosetti","moneychanger at The Bank of the Red Roof",8
6,"sf_isotta_nerale","on patrol",16
6,"sf_livia_lanotti_","guarding the palace",16
6,"sf_livia_torandi","porridge stall on the Mercato",8
6,"sf_loretta_colotti_","guarding the palace",16
6,"sf_lucia_nerucci","on patrol",16
6,"sf_mafalda_morotti","running Tintoria Bellandi",8
6,"sf_marcello_morandi","running The Royal Arsenal",8
6,"sf_marcello_palucci","perfumer at Profumi Lucenti",8
6,"sf_matteo_lanante","runs Il Mulino Dairy",8
6,"sf_matteo_orsieri","butcher at Macelleria Rossi",8
6,"sf_matteo_salini","keeps the water mill at La Riva",8
6,"sf_matteo_valari","brewer at The Poggio Chiaro Press",8
6,"sf_mauro_orsotti","runs The Le Api Brickworks",8
6,"sf_nives_morini_","commanding the palace guard",16
6,"sf_nives_salelli","on night patrol",16
6,"sf_orsino_belante","on patrol",16
6,"sf_orsola_marano","on night patrol",16
6,"sf_ottavia_nerari","on patrol",16
6,"sf_perla_belucci","on patrol",16
6,"sf_piero_darotti_","guarding the palace",16
6,"sf_primo_benale_","cooking for the palace",8
6,"sf_raffaele_rosetti","runs The Prato Verde Smokehouse",8
6,"sf_renata_salini","weaver at Tessitura Bellandi",8
6,"sf_renzo_corucci","running La Concia",8
6,"sf_rocco_morano","keeping the inn",8
6,"sf_salvatore_orsone","running Cartiera Bianca",8
6,"sf_serafina_lanone","commanding the city guard",16
6,"sf_teodoro_palone","running The East Gate Stables",8
6,"sf_umberto_marieri","on night patrol",16
6,"sf_valerio_casieri","running The Red Tile Works",8
6,"sf_valerio_nerandi","armourer at Armeria del Leone",8
6,"sf_vasco_casotti_","runs Santa Lucia Dairy",8
6,"sf_vittore_nerone","holding the north gate",16
6,"skye_","holding the south gate",15
6,"tarn_","holding the south gate",8
6,"thistle_","on watch",8
6,"tn_ac_bramble_gatewright","stands watch",16
6,"tn_ac_rowan_cartpost","stands watch",16
6,"tn_af_frey_wheatmow_","stands watch",16
6,"tn_af_tor_goldstead_","stands watch",16
6,"tn_cb_hob_ashshaft_","stands watch",16
6,"tn_cb_opal_ironvein_","stands watch",16
6,"tn_df_edric_darkguard_","stands watch",8
6,"tn_df_garth_blackwatch_","stands watch",12
6,"tn_df_holt_blackward_","stands watch",8
6,"tn_df_iris_grimhold_","stands watch",12
6,"tn_df_rusk_nightguard_","commands the garrison",8
6,"tn_fh_dray_bogmoor_","stands watch",16
6,"tn_fh_ivy_dampditch_","stands watch",16
6,"tn_if_eskar_islewall_","stands watch",13
6,"tn_if_harrow_towerguard_","stands watch",12
6,"tn_if_iris_moatward_","stands watch",8
6,"tn_if_isla_moatwall_","stands watch",8
6,"tn_if_nettle_mereguard_","commands the garrison",8
6,"tn_ls_aster_merereach_","stands watch",16
6,"tn_ls_heath_oarwade_","stands watch",16
6,"tn_nf_corrie_rimeward","stands watch",12
6,"tn_nf_dun_frostward","stands watch",8
6,"tn_nf_odo_rimehelm","commands the garrison",8
6,"tn_sr_brand_shinglewater","stands watch",16
6,"tn_sr_marl_kelpcove","stands watch",16
6,"tn_wm_bramble_westfold","stands watch",16
6,"tn_wm_hob_thornlea","stands watch",16
6,"wren_","holding the main gate",8
7,"brand","holding the stair gate",16
7,"brock","on night patrol",16
7,"clover","training",2
7,"dray","holding the main gate",16
7,"dun_","running sparring bouts",2
7,"eskar_","on night patrol",15
7,"fern_","holding the stair gate",14
7,"gorse_","running the obstacle course",2
7,"heather","on night watch",15
7,"holly_","on patrol",8
7,"ingram_","training",2
7,"isla","on watch",6
7,"jarl","on watch",10
7,"kindle","training",2
7,"knap_","on watch",6
7,"lark_","keeping the chapel",2
7,"laurel","drilling in the compound",2
7,"loam_","drilling in the compound",2
7,"marsh","on patrol",10
7,"moor","drilling in the compound",2
7,"moss_","on patrol",10
7,"myrtle","on night watch",16
7,"nell","training",2
7,"oak_","on night patrol",15
7,"quarry","training",2
7,"rm_ada_brineford","smoking fish",2
7,"rm_ansel_brinewick","blowing glass",2
7,"rm_arne_brinewell_","running The Fell Wagon Yard",8
7,"rm_aud_rustford_","running The Vesk Salt Pans",8
7,"rm_beatha_saltley","keeping the chambers",2
7,"rm_berit_plankworth_","holding the south gate",12
7,"rm_bertil_fogwick","stewarding Grayrock Hall",1
7,"rm_bertil_millwick","keeping the chambers",2
7,"rm_bertil_pitchgate","building ships",2
7,"rm_bo_gullstack","foreman of the quarry",2
7,"rm_brand_saltwell_","holding the quay gate",12
7,"rm_bryn_coalwell","working the saws",2
7,"rm_bryn_plankham_","on night patrol",16
7,"rm_caspar_greyley","working the saws",2
7,"rm_corra_wickby_","commanding the Watch",2
7,"rm_corwin_coalley_","on patrol",8
7,"rm_corwin_pitchley_","works at The Rag Mill",1
7,"rm_corwin_rustham","serving in the hall",1
7,"rm_dagfinn_ashmore","smoking fish",2
7,"rm_dagny_kelpmore_","running The Reach Tannery",8
7,"rm_dirk_brinecot_","works at The Blue Vats",1
7,"rm_disa_gullhand_","works at Old Mother Tannery",1
7,"rm_ebba_bilgeworth_","running The Blue Vats",8
7,"rm_edda_rainby_","running The Rag Mill",8
7,"rm_edric_ashcombe","working the glass himself",2
7,"rm_edric_pitchton_","running The Ashcombe Tileworks",8
7,"rm_egil_coalmore_","works at The Fell Wagon Yard",1
7,"rm_egil_wickham_","holding the east gate",12
7,"rm_emmerich_foghand","serving in the hall",1
7,"rm_finn_ashridge_","smith at Nailers' Forge",4
7,"rm_frida_millby","cooking for the House",1
7,"rm_gerrit_kelpley_","works at The Fell Wagon Yard",1
7,"rm_gorm_coalstack_","running The Reach Foundry",8
7,"rm_grete_slagton_","works at The Brinewater Sail Loft",1
7,"rm_gudrun_bilgeham","building ships",2
7,"rm_gudrun_dripham","stewarding Ashcombe House",1
7,"rm_gunnar_nailmarsh","twisting rope",1
7,"rm_hakon_mudton_","brewer at The Black Tun",8
7,"rm_hakon_pitchstack","keeping the chambers",2
7,"rm_hester_coalgate","twisting rope",1
7,"rm_hilde_kelpworth_","running The Brinewater Sail Loft",8
7,"rm_hjalte_rustworth","working the saws",2
7,"rm_hjalte_saltgate_","chandler at Wickham's Chandlery",8
7,"rm_ingrid_tarcot_","running Old Mother Tannery",8
7,"rm_ivo_dripgate_","works at The Grayrock Arsenal",1
7,"rm_ivo_pitchby_","works at The Grayrock Arsenal",1
7,"rm_ivo_wickridge","smoking fish",2
7,"rm_jarl_coalworth","smoking fish",2
7,"rm_jarl_gullmarsh_","pickle stall on the Market Square",8
7,"rm_jasper_sootton_","works at The Rag Mill",1
7,"rm_kari_cindermarsh_","on night patrol",16
7,"rm_karin_mudham_","fish stall on the Market Square",8
7,"rm_knut_gulldale_","running The Grayrock Foundry",8
7,"rm_lars_rainford_","on patrol",6
7,"rm_leif_brinewater","walking the ropewalk",1
7,"rm_lothar_ashdale_","works at The Vesk Salt Pans",1
7,"rm_lothar_brineridge","cooking for the House",1
7,"rm_lotte_brinemarsh","serving in the hall",1
7,"rm_lotte_gullcot_","nut stall on the Market Square",8
7,"rm_magnus_mudgate","working the saws",2
7,"rm_magnus_vesk","counting the catch",2
7,"rm_maren_fogton_","baker at Grist & Crust",8
7,"rm_moll_rustby_","on patrol",8
7,"rm_nessa_brinewater","learning the shipyard",2
7,"rm_nils_wickley_","on patrol",6
7,"rm_oda_greyford_","works at Old Mother Tannery",1
7,"rm_olaf_wetworth","stewarding Brinewater House",1
7,"rm_orm_nailley","cooking for the House",2
7,"rm_osric_dripcot_","works at The Vesk Salt Pans",1
7,"rm_ottilie_pitchmore","working the saws",2
7,"rm_ottilie_wetmarsh_","honey stall on the Market Square",8
7,"rm_ottilie_wickmore_","tailor at Oilcloth & Wool",8
7,"rm_palle_cinderhand_","running The Grayrock Lime Kilns",8
7,"rm_palle_ropeton","stewarding Fellhall",1
7,"rm_piet_cindermore_","works at The Reach Tannery",1
7,"rm_ragnar_plankgate","serving in the hall",1
7,"rm_runa_gullton_","egg stall on the Market Square",8
7,"rm_runa_rainwick_","works at The Grayrock Lime Kilns",1
7,"rm_rune_millworth","runs The Rainwash Smokehouse",8
7,"rm_sigrun_bilgeby","building ships",2
7,"rm_silas_gullham","twisting rope",1
7,"rm_silas_gullley_","works at The Brinewater Sail Loft",1
7,"rm_soren_slagford","keeping the chambers",2
7,"rm_soren_wetcot","stewarding Vesk Manor",1
7,"rm_sten_vesk","running the salt pans",1
7,"rm_tilde_brinestack_","running The Grayrock Arsenal",8
7,"rm_tilde_ropestack_","scribe at Wetink Lane Scriveners",8
7,"rm_tilde_wethand","cooking for the House",2
7,"rm_tobias_grayrock","overseeing the ironworks",2
7,"rm_tove_pitchworth","keeping the inn",8
7,"rm_ulla_brinedale","cooking for the House",2
7,"rm_una_pitchwell_","runs Greywater Dairy",8
7,"rm_vidar_ropewick_","works at The Blue Vats",1
7,"rm_vigdis_millwell_","works at The Reach Tannery",1
7,"rm_wenna_coalwick_","running The South Gate Stables",8
7,"rm_wenna_mudhand_","saddler at Collar and Trace",8
7,"rm_wynn_cinderton","building ships",2
7,"rm_yrsa_mudmarsh","smoking fish",2
7,"rm_yrsa_plankridge","blowing glass",2
7,"rm_yrsa_wickdale","blowing glass",2
7,"roan_","on patrol",6
7,"scree_","on patrol",6
7,"sella","drilling in the compound",2
7,"sf_achille_rivante","hauling for the warehouses",1
7,"sf_agnese_orsotti","saddler at Cuoio Fino",8
7,"sf_agnese_rivale","apothecary at Farmacia della Santa",8
7,"sf_alba_beluzzi","washing linen at the river stairs",1
7,"sf_alba_casano","washing linen at the river stairs",1
7,"sf_alba_galieri_","guarding the palace",10
7,"sf_allegra_moresi","unloading barges",1
7,"sf_aurelia_belano","unloading barges",1
7,"sf_bastiano_orsesi_","serving the household",2
7,"sf_benedetto_albani","celebrating the Mass",2
7,"sf_bruno_lanale","soup stall on the Mercato",8
7,"sf_ciro_marandi_","keeping the crypt",2
7,"sf_corrado_marotti_","leading the choir",2
7,"sf_corrado_morone","shopkeeper at The Red Door",8
7,"sf_cosima_ferucci","works at The Royal Arsenal",1
7,"sf_cosima_morucci","holding the east gate",12
7,"sf_cosima_rivelli","running Mulino del Borgo",8
7,"sf_cosimo_casari","mason at Marmi Ferrante",8
7,"sf_cosimo_orsini","glassblower at Vetro Chiaro",8
7,"sf_dario_rivuzzi","mending nets on the wharf",1
7,"sf_donatella_rivari","mending nets on the wharf",1
7,"sf_duccio_coretti_","serving the household",2
7,"sf_duccio_orselli","provisioner at Dispensa del Porto",8
7,"sf_elena_rivetti","works at Fonderia delle Campane",1
7,"sf_eliseo_colesi","works at Cartiera Bianca",1
7,"sf_eliseo_salari","works at Carri Galli",1
7,"sf_eliseo_valuzzi","fishmonger at Pesce del Fiume",8
7,"sf_enzo_casuzzi","cooper at Botti Ferrante",8
7,"sf_fiora_belieri_","hearing confessions",2
7,"sf_fiora_rivano_","serving the household",2
7,"sf_flavia_ferotti","works at Carri Galli",1
7,"sf_gemma_belini_","polishing the throne room",2
7,"sf_gemma_corieri","running Carri Galli",8
7,"sf_gemma_salieri","unloading barges",1
7,"sf_giacomo_ferale_","keeping the royal apartments",2
7,"sf_gino_casandi_","guarding the palace",16
7,"sf_gualtiero_colini","running Fonderia delle Campane",8
7,"sf_gualtiero_rosetti","moneychanger at The Bank of the Red Roof",8
7,"sf_isotta_nerale","on patrol",4
7,"sf_isotta_salandi","works at The Royal Arsenal",1
7,"sf_lavinia_belale","works at Fonderia delle Campane",1
7,"sf_leandro_valucci_","serving the household",2
7,"sf_livia_lanotti_","guarding the palace",16
7,"sf_livia_torandi","porridge stall on the Mercato",8
7,"sf_lorenzo_benone","hauling for the warehouses",1
7,"sf_loretta_colotti_","guarding the palace",10
7,"sf_lucia_nerucci","on patrol",10
7,"sf_mafalda_morotti","running Tintoria Bellandi",8
7,"sf_mafalda_palari_","serving the household",2
7,"sf_marcello_morandi","running The Royal Arsenal",8
7,"sf_marcello_palucci","perfumer at Profumi Lucenti",8
7,"sf_marzia_ferini_","serving the royal table",2
7,"sf_matteo_lanante","runs Il Mulino Dairy",8
7,"sf_matteo_orsieri","butcher at Macelleria Rossi",8
7,"sf_matteo_salini","keeps the water mill at La Riva",8
7,"sf_matteo_valari","brewer at The Poggio Chiaro Press",8
7,"sf_mauro_orsotti","runs The Le Api Brickworks",8
7,"sf_mirella_rosotti_","lighting the candles",2
7,"sf_nico_lanini_","serving the household",2
7,"sf_nives_morini_","commanding the palace guard",2
7,"sf_nives_salelli","on night patrol",16
7,"sf_noemi_lanetti_","serving the household",2
7,"sf_orsino_belante","on patrol",6
7,"sf_orsola_marano","on night patrol",16
7,"sf_ottavia_maruzzi","works at Mulino del Borgo",1
7,"sf_ottavia_nerari","on patrol",10
7,"sf_paola_rosieri","hauling for the warehouses",1
7,"sf_pasquale_torone_","serving the household",2
7,"sf_perla_belucci","on patrol",8
7,"sf_piero_darotti_","guarding the palace",8
7,"sf_primo_benale_","cooking for the palace",8
7,"sf_raffaele_rosetti","runs The Prato Verde Smokehouse",8
7,"sf_renata_galini","works at Cartiera Bianca",1
7,"sf_renata_salini","weaver at Tessitura Bellandi",8
7,"sf_renzo_corucci","running La Concia",8
7,"sf_rocco_morano","keeping the inn",8
7,"sf_salvatore_orsone","running Cartiera Bianca",8
7,"sf_serafina_lanone","commanding the city guard",2
7,"sf_sveva_galucci","unloading barges",1
7,"sf_taddeo_paluzzi","unloading barges",1
7,"sf_teodora_beletti","unloading barges",1
7,"sf_teodora_venone_","serving the household",2
7,"sf_teodoro_palone","running The East Gate Stables",8
7,"sf_tommaso_darandi_","serving the household",2
7,"sf_umberto_marieri","on night patrol",16
7,"sf_valerio_casieri","running The Red Tile Works",8
7,"sf_valerio_nerandi","armourer at Armeria del Leone",8
7,"sf_vasco_casotti_","runs Santa Lucia Dairy",8
7,"sf_viola_darieri_","serving the household",2
7,"sf_viola_galano","mending nets on the wharf",1
7,"sf_vittore_nerone","holding the north gate",12
7,"sf_vittoria_torucci_","copying the chapter's books",2
7,"sfx_fausto_orsini","works at The La Riva Water Mill",1
7,"skye_","holding the south gate",16
7,"tarn_","holding the south gate",14
7,"tn_ac_bramble_gatewright","stands watch",8
7,"tn_ac_gale_crossley","works at The Wheelwright's Yard",1
7,"tn_ac_rowan_cartpost","stands watch",16
7,"tn_ac_stone_wayrun","works at The Wheelwright's Yard",1
7,"tn_af_frey_wheatmow_","stands watch",16
7,"tn_af_ivy_strawacre_","grinds at the ford mill",1
7,"tn_af_tor_goldstead_","stands watch",8
7,"tn_af_varg_harrowford","works at The Ford Mill",1
7,"tn_af_yarrow_furrowstook_","keeps The Harvest Chapel",2
7,"tn_cb_brock_rustvein_","keeps The Shrine of the Iron Saint",2
7,"tn_cb_hob_ashshaft_","stands watch",16
7,"tn_cb_opal_ironvein_","stands watch",10
7,"tn_df_edric_darkguard_","stands watch",6
7,"tn_df_garth_blackwatch_","stands watch",15
7,"tn_df_heath_nightward_","garrison cook",2
7,"tn_df_holt_blackward_","stands watch",6
7,"tn_df_iris_grimhold_","stands watch",15
7,"tn_df_rusk_nightguard_","commands the garrison",14
7,"tn_fh_dray_bogmoor_","stands watch",8
7,"tn_fh_ivy_dampditch_","stands watch",16
7,"tn_fh_knap_peatditch_","keeps The Stilt Chapel",2
7,"tn_if_eskar_islewall_","stands watch",15
7,"tn_if_harrow_towerguard_","stands watch",15
7,"tn_if_iris_moatward_","stands watch",10
7,"tn_if_isla_moatwall_","stands watch",8
7,"tn_if_nettle_mereguard_","commands the garrison",14
7,"tn_ls_aster_merereach_","stands watch",8
7,"tn_ls_heath_oarwade_","stands watch",16
7,"tn_ls_slate_eelford","keeps The Mere Chapel",2
7,"tn_nf_corrie_rimeward","stands watch",15
7,"tn_nf_dun_frostward","stands watch",8
7,"tn_nf_eskar_frosthold","works at The North Arsenal",1
7,"tn_nf_holly_bleakguard","works at The North Arsenal",1
7,"tn_nf_odo_rimehelm","commands the garrison",14
7,"tn_nf_yarrow_craghold","garrison cook",2
7,"tn_sr_brand_shinglewater","stands watch",10
7,"tn_sr_kestrel_soundwater","works at The Saltreach Pans",1
7,"tn_sr_kindle_kelpline","works at The Gullwharf Smokehouse",1
7,"tn_sr_lark_shingleshore","works at The Saltreach Pans",1
7,"tn_sr_marl_kelpcove","stands watch",16
7,"tn_sr_thorn_tideline","keeps The Tide Chapel",2
7,"tn_wm_bramble_westfold","stands watch",16
7,"tn_wm_hob_thornlea","stands watch",8
7,"tn_wm_vetch_thornwell","keeps The Down Chapel",2
7,"wolde","training",2
7,"wren_","holding the main gate",14
